{"stats":{"minecraft:crafted":{"minecraft:acacia_planks":256},"minecraft:dropped":{"minecraft:gravel":5,"minecraft:wheat_seeds":1,"minecraft:netherite_shovel":2,"minecraft:string":2,"minecraft:bone":4},"minecraft:custom":{"minecraft:time_since_rest":33111,"minecraft:damage_absorbed":910,"minecraft:sprint_one_cm":46768,"minecraft:walk_one_cm":83851,"minecraft:damage_taken":704,"minecraft:mob_kills":32,"minecraft:drop":14,"minecraft:damage_dealt":5132,"minecraft:swim_one_cm":2624,"minecraft:fly_one_cm":80297,"minecraft:strider_one_cm":691516,"minecraft:crouch_one_cm":4051,"minecraft:play_time":33111,"minecraft:sneak_time":1060,"minecraft:walk_under_water_one_cm":1555,"minecraft:jump":641,"minecraft:climb_one_cm":28,"minecraft:walk_on_water_one_cm":1800,"minecraft:time_since_death":33111,"minecraft:damage_resisted":276,"minecraft:total_world_time":33111,"minecraft:fall_one_cm":16220},"minecraft:mined":{"minecraft:magma_block":2,"minecraft:fire":2,"minecraft:crimson_nylium":1,"minecraft:grass":3,"minecraft:crimson_roots":1,"minecraft:gravel":22,"minecraft:cobblestone":1,"minecraft:stone":18,"minecraft:netherrack":50},"minecraft:used":{"minecraft:netherite_sword":62,"minecraft:netherite_shovel":19,"minecraft:armor_stand":2,"minecraft:netherite_chestplate":2,"minecraft:netherite_axe":28,"minecraft:crimson_roots":1,"minecraft:gravel":13,"minecraft:rotten_flesh":1,"minecraft:netherrack":48,"minecraft:netherite_boots":2,"minecraft:white_wool":1,"minecraft:cobblestone":18,"minecraft:mutton":1,"minecraft:netherite_leggings":2,"minecraft:soul_soil":10,"minecraft:netherite_pickaxe":73,"minecraft:netherite_helmet":2,"minecraft:egg":1,"minecraft:acacia_planks":80,"minecraft:enchanted_golden_apple":10},"minecraft:killed":{"minecraft:sheep":1,"minecraft:skeleton":3,"minecraft:magma_cube":3,"minecraft:zombified_piglin":3,"minecraft:zombie_villager":1,"minecraft:wither_skeleton":9,"minecraft:blaze":9},"minecraft:picked_up":{"minecraft:magma_block":2,"minecraft:netherite_boots":1,"minecraft:warped_fungus_on_a_stick":1,"minecraft:gravel":18,"minecraft:netherite_shovel":2,"minecraft:flint":2,"minecraft:shield":1,"minecraft:wither_skeleton_skull":1,"minecraft:netherite_pickaxe":2,"minecraft:netherite_leggings":1,"minecraft:string":3,"minecraft:soul_soil":10,"minecraft:armor_stand":2,"minecraft:stone_sword":1,"minecraft:arrow":1,"minecraft:bone":13,"minecraft:rotten_flesh":2,"minecraft:netherite_helmet":1,"minecraft:wheat_seeds":2,"minecraft:gold_nugget":1,"minecraft:netherite_sword":1,"minecraft:netherite_axe":1,"minecraft:netherite_chestplate":1,"minecraft:enchanted_golden_apple":128,"minecraft:blaze_rod":4,"minecraft:netherrack":51,"minecraft:mutton":1,"minecraft:crimson_roots":1,"minecraft:white_wool":1,"minecraft:cobblestone":18,"minecraft:egg":1}},"DataVersion":3463}