{"stats":{"minecraft:crafted":{"minecraft:crafting_table":1,"minecraft:blaze_powder":20,"minecraft:stone_sword":1,"minecraft:acacia_planks":256},"minecraft:dropped":{"minecraft:enchanted_book":2,"minecraft:gravel":5,"minecraft:anvil":1,"minecraft:wheat_seeds":1,"minecraft:enchanted_golden_apple":2,"minecraft:netherite_shovel":2,"minecraft:string":2,"minecraft:bone":4},"minecraft:custom":{"minecraft:interact_with_anvil":1,"minecraft:mob_kills":74,"minecraft:interact_with_crafting_table":4,"minecraft:time_since_death":57111,"minecraft:climb_one_cm":28,"minecraft:damage_resisted":469,"minecraft:time_since_rest":57111,"minecraft:sprint_one_cm":120547,"minecraft:damage_taken":989,"minecraft:walk_one_cm":151094,"minecraft:damage_absorbed":1462,"minecraft:damage_blocked_by_shield":50,"minecraft:drop":19,"minecraft:damage_dealt":9713,"minecraft:swim_one_cm":2624,"minecraft:fly_one_cm":134522,"minecraft:open_chest":5,"minecraft:crouch_one_cm":4444,"minecraft:strider_one_cm":691516,"minecraft:play_time":57111,"minecraft:sneak_time":1311,"minecraft:walk_under_water_one_cm":1760,"minecraft:jump":971,"minecraft:walk_on_water_one_cm":13048,"minecraft:total_world_time":57111,"minecraft:fall_one_cm":27649},"minecraft:mined":{"minecraft:nether_gold_ore":2,"minecraft:crimson_nylium":1,"minecraft:basalt":4,"minecraft:crimson_roots":1,"minecraft:cobblestone":1,"minecraft:wall_torch":1,"minecraft:magma_block":2,"minecraft:fire":2,"minecraft:grass":3,"minecraft:gravel":22,"minecraft:deepslate":86,"minecraft:stone":18,"minecraft:netherrack":53},"minecraft:used":{"minecraft:water_bucket":12,"minecraft:netherite_sword":141,"minecraft:armor_stand":2,"minecraft:netherite_chestplate":2,"minecraft:shield":2,"minecraft:rotten_flesh":1,"minecraft:netherrack":48,"minecraft:white_wool":1,"minecraft:torch":4,"minecraft:anvil":1,"minecraft:mutton":1,"minecraft:netherite_leggings":2,"minecraft:crafting_table":1,"minecraft:netherite_helmet":2,"minecraft:netherite_shovel":19,"minecraft:netherite_axe":28,"minecraft:crimson_roots":1,"minecraft:gravel":13,"minecraft:netherite_boots":2,"minecraft:cobblestone":18,"minecraft:soul_soil":10,"minecraft:bucket":21,"minecraft:netherite_pickaxe":169,"minecraft:egg":1,"minecraft:powder_snow_bucket":9,"minecraft:acacia_planks":85,"minecraft:enchanted_golden_apple":15},"minecraft:killed":{"minecraft:magma_cube":26,"minecraft:zombified_piglin":9,"minecraft:zombie_villager":1,"minecraft:sheep":1,"minecraft:skeleton":4,"minecraft:wither_skeleton":16,"minecraft:blaze":14},"minecraft:picked_up":{"minecraft:netherite_boots":1,"minecraft:magma_block":2,"minecraft:basalt":5,"minecraft:magma_cream":2,"minecraft:anvil":1,"minecraft:warped_fungus_on_a_stick":1,"minecraft:enchanted_book":2,"minecraft:flint":2,"minecraft:golden_sword":1,"minecraft:shield":1,"minecraft:wither_skeleton_skull":1,"minecraft:netherite_leggings":1,"minecraft:string":3,"minecraft:soul_soil":10,"minecraft:armor_stand":2,"minecraft:bone":22,"minecraft:wheat_seeds":2,"minecraft:gold_nugget":11,"minecraft:cobbled_deepslate":85,"minecraft:netherite_sword":1,"minecraft:netherite_axe":1,"minecraft:enchanted_golden_apple":130,"minecraft:egg":1,"minecraft:torch":1,"minecraft:gravel":18,"minecraft:netherite_shovel":2,"minecraft:netherite_pickaxe":2,"minecraft:stone_sword":2,"minecraft:arrow":3,"minecraft:rotten_flesh":6,"minecraft:netherite_helmet":1,"minecraft:gold_ingot":1,"minecraft:netherite_chestplate":1,"minecraft:coal":2,"minecraft:blaze_rod":10,"minecraft:netherrack":54,"minecraft:mutton":1,"minecraft:white_wool":1,"minecraft:crimson_roots":1,"minecraft:cobblestone":18}},"DataVersion":3463}