{"stats":{"minecraft:crafted":{"minecraft:crafting_table":1,"minecraft:blaze_powder":20,"minecraft:stone_sword":1,"minecraft:acacia_planks":256},"minecraft:dropped":{"minecraft:enchanted_book":2,"minecraft:gravel":7,"minecraft:anvil":1,"minecraft:wheat_seeds":1,"minecraft:cobbled_deepslate":241,"minecraft:tuff":9,"minecraft:obsidian":2,"minecraft:rotten_flesh":1,"minecraft:enchanted_golden_apple":2,"minecraft:netherite_shovel":2,"minecraft:flint":1,"minecraft:gold_nugget":11,"minecraft:redstone":38,"minecraft:string":2,"minecraft:acacia_planks":70,"minecraft:bone":4},"minecraft:custom":{"minecraft:interact_with_anvil":1,"minecraft:mob_kills":78,"minecraft:interact_with_crafting_table":4,"minecraft:leave_game":1,"minecraft:time_since_death":70584,"minecraft:climb_one_cm":28,"minecraft:damage_resisted":480,"minecraft:time_since_rest":70584,"minecraft:sprint_one_cm":131545,"minecraft:damage_taken":1265,"minecraft:walk_one_cm":187211,"minecraft:damage_absorbed":1507,"minecraft:damage_blocked_by_shield":50,"minecraft:drop":34,"minecraft:damage_dealt":10465,"minecraft:swim_one_cm":2624,"minecraft:fly_one_cm":144746,"minecraft:open_chest":5,"minecraft:crouch_one_cm":4444,"minecraft:strider_one_cm":691516,"minecraft:play_time":70584,"minecraft:sneak_time":1311,"minecraft:walk_under_water_one_cm":2332,"minecraft:jump":1189,"minecraft:walk_on_water_one_cm":14800,"minecraft:total_world_time":70584,"minecraft:fall_one_cm":30659},"minecraft:mined":{"minecraft:nether_gold_ore":2,"minecraft:deepslate_redstone_ore":8,"minecraft:tuff":10,"minecraft:crimson_nylium":1,"minecraft:basalt":4,"minecraft:torch":1,"minecraft:crimson_roots":1,"minecraft:cobblestone":14,"minecraft:wall_torch":2,"minecraft:magma_block":2,"minecraft:fire":2,"minecraft:grass":3,"minecraft:gravel":25,"minecraft:deepslate":273,"minecraft:stone":18,"minecraft:netherrack":53},"minecraft:used":{"minecraft:water_bucket":22,"minecraft:netherite_sword":152,"minecraft:armor_stand":2,"minecraft:netherite_chestplate":2,"minecraft:shield":2,"minecraft:rotten_flesh":2,"minecraft:netherrack":48,"minecraft:white_wool":1,"minecraft:torch":41,"minecraft:anvil":1,"minecraft:mutton":1,"minecraft:netherite_leggings":2,"minecraft:crafting_table":1,"minecraft:netherite_helmet":2,"minecraft:netherite_shovel":21,"minecraft:netherite_axe":28,"minecraft:crimson_roots":1,"minecraft:gravel":13,"minecraft:netherite_boots":2,"minecraft:cobblestone":31,"minecraft:soul_soil":10,"minecraft:cobbled_deepslate":24,"minecraft:bucket":31,"minecraft:netherite_pickaxe":389,"minecraft:egg":1,"minecraft:powder_snow_bucket":9,"minecraft:acacia_planks":118,"minecraft:enchanted_golden_apple":17},"minecraft:killed":{"minecraft:magma_cube":26,"minecraft:zombified_piglin":9,"minecraft:zombie_villager":1,"minecraft:sheep":1,"minecraft:skeleton":6,"minecraft:zombie":2,"minecraft:wither_skeleton":16,"minecraft:blaze":14},"minecraft:picked_up":{"minecraft:netherite_boots":1,"minecraft:magma_block":2,"minecraft:basalt":5,"minecraft:magma_cream":2,"minecraft:anvil":1,"minecraft:warped_fungus_on_a_stick":1,"minecraft:enchanted_book":2,"minecraft:flint":3,"minecraft:tuff":9,"minecraft:golden_sword":1,"minecraft:shield":1,"minecraft:wither_skeleton_skull":1,"minecraft:netherite_leggings":1,"minecraft:string":3,"minecraft:soul_soil":10,"minecraft:armor_stand":2,"minecraft:bone":24,"minecraft:wheat_seeds":2,"minecraft:gold_nugget":11,"minecraft:cobbled_deepslate":267,"minecraft:netherite_sword":1,"minecraft:netherite_axe":1,"minecraft:enchanted_golden_apple":130,"minecraft:egg":1,"minecraft:torch":6,"minecraft:gravel":20,"minecraft:netherite_shovel":2,"minecraft:redstone":38,"minecraft:netherite_pickaxe":2,"minecraft:stone_sword":2,"minecraft:arrow":5,"minecraft:rotten_flesh":8,"minecraft:netherite_helmet":1,"minecraft:gold_ingot":1,"minecraft:netherite_chestplate":1,"minecraft:coal":2,"minecraft:blaze_rod":10,"minecraft:netherrack":54,"minecraft:mutton":1,"minecraft:white_wool":1,"minecraft:crimson_roots":1,"minecraft:cobblestone":31}},"DataVersion":3463}