{"stats":{"minecraft:picked_up":{"minecraft:netherite_boots":1,"minecraft:magma_block":2,"minecraft:basalt":5,"minecraft:magma_cream":2,"minecraft:anvil":4,"minecraft:warped_fungus_on_a_stick":1,"minecraft:enchanted_book":9,"minecraft:flint":3,"minecraft:tuff":9,"minecraft:golden_sword":1,"minecraft:shield":1,"minecraft:wither_skeleton_skull":1,"minecraft:lapis_lazuli":72,"minecraft:netherite_leggings":1,"minecraft:string":3,"minecraft:soul_soil":10,"minecraft:armor_stand":2,"minecraft:experience_bottle":129,"minecraft:bone":29,"minecraft:raw_gold":2,"minecraft:wheat_seeds":2,"minecraft:gold_nugget":11,"minecraft:cobbled_deepslate":276,"minecraft:netherite_sword":1,"minecraft:netherite_axe":1,"minecraft:enchanted_golden_apple":130,"minecraft:egg":1,"minecraft:raw_iron":49,"minecraft:torch":64,"minecraft:gravel":20,"minecraft:netherite_shovel":2,"minecraft:redstone":44,"minecraft:netherite_pickaxe":2,"minecraft:stone_sword":2,"minecraft:arrow":10,"minecraft:rotten_flesh":9,"minecraft:diamond":2,"minecraft:netherite_helmet":1,"minecraft:granite":4,"minecraft:gold_ingot":1,"minecraft:netherite_chestplate":1,"minecraft:blaze_rod":10,"minecraft:netherrack":54,"minecraft:mutton":1,"minecraft:coal":2,"minecraft:white_wool":1,"minecraft:crimson_roots":1,"minecraft:cobblestone":34},"minecraft:custom":{"minecraft:interact_with_anvil":8,"minecraft:mob_kills":84,"minecraft:interact_with_crafting_table":4,"minecraft:leave_game":1,"minecraft:time_since_death":88520,"minecraft:climb_one_cm":28,"minecraft:damage_resisted":556,"minecraft:time_since_rest":88520,"minecraft:sprint_one_cm":162101,"minecraft:damage_absorbed":1661,"minecraft:damage_taken":1532,"minecraft:walk_one_cm":226163,"minecraft:damage_blocked_by_shield":50,"minecraft:drop":53,"minecraft:damage_dealt":11618,"minecraft:swim_one_cm":2624,"minecraft:fly_one_cm":184538,"minecraft:open_chest":5,"minecraft:strider_one_cm":691516,"minecraft:crouch_one_cm":4444,"minecraft:play_time":88520,"minecraft:sneak_time":1314,"minecraft:walk_under_water_one_cm":2332,"minecraft:jump":1671,"minecraft:walk_on_water_one_cm":16980,"minecraft:fall_one_cm":48165,"minecraft:total_world_time":88520},"minecraft:used":{"minecraft:water_bucket":24,"minecraft:netherite_sword":167,"minecraft:armor_stand":2,"minecraft:netherite_chestplate":2,"minecraft:shield":2,"minecraft:rotten_flesh":2,"minecraft:netherrack":48,"minecraft:white_wool":1,"minecraft:torch":126,"minecraft:mutton":1,"minecraft:anvil":3,"minecraft:netherite_leggings":2,"minecraft:crafting_table":1,"minecraft:netherite_helmet":2,"minecraft:netherite_shovel":21,"minecraft:netherite_axe":28,"minecraft:crimson_roots":1,"minecraft:gravel":13,"minecraft:netherite_boots":2,"minecraft:cobblestone":32,"minecraft:soul_soil":10,"minecraft:experience_bottle":161,"minecraft:powder_snow_bucket":9,"minecraft:bucket":33,"minecraft:netherite_pickaxe":426,"minecraft:egg":1,"minecraft:enchanted_golden_apple":19,"minecraft:cobbled_deepslate":24,"minecraft:acacia_planks":118},"minecraft:dropped":{"minecraft:enchanted_book":9,"minecraft:gravel":7,"minecraft:anvil":2,"minecraft:wheat_seeds":1,"minecraft:cobbled_deepslate":241,"minecraft:tuff":9,"minecraft:obsidian":2,"minecraft:experience_bottle":129,"minecraft:rotten_flesh":1,"minecraft:enchanted_golden_apple":2,"minecraft:netherite_shovel":2,"minecraft:flint":1,"minecraft:torch":3,"minecraft:gold_nugget":11,"minecraft:string":2,"minecraft:redstone":44,"minecraft:acacia_planks":70,"minecraft:bone":4},"minecraft:killed":{"minecraft:magma_cube":26,"minecraft:zombified_piglin":9,"minecraft:zombie_villager":1,"minecraft:sheep":1,"minecraft:skeleton":10,"minecraft:zombie":3,"minecraft:wither_skeleton":16,"minecraft:blaze":14},"minecraft:mined":{"minecraft:nether_gold_ore":2,"minecraft:deepslate_redstone_ore":8,"minecraft:tuff":10,"minecraft:deepslate_diamond_ore":1,"minecraft:crimson_nylium":1,"minecraft:basalt":4,"minecraft:glow_lichen":1,"minecraft:torch":2,"minecraft:granite":2,"minecraft:crimson_roots":1,"minecraft:cobblestone":16,"minecraft:lapis_ore":5,"minecraft:wall_torch":2,"minecraft:redstone_ore":1,"minecraft:magma_block":2,"minecraft:iron_ore":11,"minecraft:fire":2,"minecraft:andesite":1,"minecraft:anvil":2,"minecraft:grass":3,"minecraft:deepslate_iron_ore":6,"minecraft:gravel":25,"minecraft:gold_ore":1,"minecraft:stone":19,"minecraft:netherrack":53,"minecraft:deepslate":277},"minecraft:crafted":{"minecraft:crafting_table":1,"minecraft:blaze_powder":20,"minecraft:stone_sword":1,"minecraft:acacia_planks":256}},"DataVersion":3463}