{"stats":{"minecraft:dropped":{"minecraft:wheat_seeds":1,"minecraft:string":2},"minecraft:custom":{"minecraft:time_since_rest":9111,"minecraft:sprint_one_cm":23488,"minecraft:walk_one_cm":27708,"minecraft:damage_taken":252,"minecraft:mob_kills":3,"minecraft:drop":3,"minecraft:damage_dealt":152,"minecraft:swim_one_cm":2624,"minecraft:fly_one_cm":53878,"minecraft:crouch_one_cm":6,"minecraft:play_time":9111,"minecraft:sneak_time":20,"minecraft:walk_under_water_one_cm":1555,"minecraft:jump":269,"minecraft:walk_on_water_one_cm":1800,"minecraft:time_since_death":9111,"minecraft:damage_resisted":4,"minecraft:total_world_time":9111,"minecraft:fall_one_cm":6699},"minecraft:mined":{"minecraft:grass":3,"minecraft:cobblestone":1,"minecraft:stone":18},"minecraft:used":{"minecraft:netherite_sword":16,"minecraft:armor_stand":2,"minecraft:netherite_chestplate":2,"minecraft:netherite_axe":2,"minecraft:rotten_flesh":1,"minecraft:netherite_boots":2,"minecraft:white_wool":1,"minecraft:cobblestone":17,"minecraft:mutton":1,"minecraft:netherite_leggings":2,"minecraft:netherite_pickaxe":19,"minecraft:netherite_helmet":2,"minecraft:egg":1,"minecraft:enchanted_golden_apple":2},"minecraft:killed":{"minecraft:sheep":1,"minecraft:zombie_villager":1},"minecraft:picked_up":{"minecraft:netherite_boots":1,"minecraft:shield":1,"minecraft:netherite_pickaxe":2,"minecraft:netherite_leggings":1,"minecraft:string":3,"minecraft:armor_stand":2,"minecraft:rotten_flesh":1,"minecraft:netherite_helmet":1,"minecraft:wheat_seeds":2,"minecraft:netherite_sword":1,"minecraft:netherite_axe":1,"minecraft:netherite_chestplate":1,"minecraft:enchanted_golden_apple":128,"minecraft:mutton":1,"minecraft:white_wool":1,"minecraft:cobblestone":18,"minecraft:egg":1}},"DataVersion":3463}