{"stats":{"minecraft:dropped":{"minecraft:wheat_seeds":1,"minecraft:string":2,"minecraft:bone":1},"minecraft:custom":{"minecraft:time_since_rest":21111,"minecraft:damage_absorbed":208,"minecraft:sprint_one_cm":30250,"minecraft:walk_one_cm":40810,"minecraft:damage_taken":537,"minecraft:mob_kills":5,"minecraft:drop":4,"minecraft:damage_dealt":448,"minecraft:swim_one_cm":2624,"minecraft:fly_one_cm":65383,"minecraft:strider_one_cm":691516,"minecraft:crouch_one_cm":3666,"minecraft:play_time":21111,"minecraft:sneak_time":956,"minecraft:walk_under_water_one_cm":1555,"minecraft:jump":420,"minecraft:climb_one_cm":28,"minecraft:walk_on_water_one_cm":1800,"minecraft:time_since_death":21111,"minecraft:damage_resisted":83,"minecraft:total_world_time":21111,"minecraft:fall_one_cm":13194},"minecraft:mined":{"minecraft:magma_block":2,"minecraft:crimson_nylium":1,"minecraft:grass":3,"minecraft:crimson_roots":1,"minecraft:gravel":3,"minecraft:cobblestone":1,"minecraft:stone":18,"minecraft:netherrack":50},"minecraft:used":{"minecraft:netherite_sword":19,"minecraft:armor_stand":2,"minecraft:netherite_chestplate":2,"minecraft:netherite_axe":4,"minecraft:crimson_roots":1,"minecraft:rotten_flesh":1,"minecraft:netherrack":48,"minecraft:netherite_boots":2,"minecraft:white_wool":1,"minecraft:cobblestone":18,"minecraft:mutton":1,"minecraft:netherite_leggings":2,"minecraft:soul_soil":10,"minecraft:netherite_pickaxe":73,"minecraft:netherite_helmet":2,"minecraft:egg":1,"minecraft:enchanted_golden_apple":5},"minecraft:killed":{"minecraft:sheep":1,"minecraft:skeleton":1,"minecraft:zombified_piglin":1,"minecraft:zombie_villager":1},"minecraft:picked_up":{"minecraft:magma_block":2,"minecraft:netherite_boots":1,"minecraft:warped_fungus_on_a_stick":1,"minecraft:flint":1,"minecraft:shield":1,"minecraft:netherite_pickaxe":2,"minecraft:netherite_leggings":1,"minecraft:string":3,"minecraft:soul_soil":10,"minecraft:armor_stand":2,"minecraft:bone":2,"minecraft:rotten_flesh":1,"minecraft:netherite_helmet":1,"minecraft:wheat_seeds":2,"minecraft:netherite_sword":1,"minecraft:netherite_axe":1,"minecraft:netherite_chestplate":1,"minecraft:enchanted_golden_apple":128,"minecraft:netherrack":51,"minecraft:mutton":1,"minecraft:crimson_roots":1,"minecraft:white_wool":1,"minecraft:cobblestone":18,"minecraft:egg":1}},"DataVersion":3463}