{"stats":{"minecraft:picked_up":{"minecraft:anvil":4,"minecraft:enchanted_book":9,"minecraft:shield":1,"minecraft:golden_sword":1,"minecraft:string":3,"minecraft:soul_soil":10,"minecraft:armor_stand":2,"minecraft:experience_bottle":129,"minecraft:gold_nugget":85,"minecraft:cobbled_deepslate":279,"minecraft:netherite_sword":1,"minecraft:enchanted_golden_apple":130,"minecraft:egg":3,"minecraft:raw_iron":97,"minecraft:torch":69,"minecraft:porkchop":3,"minecraft:netherite_shovel":2,"minecraft:cherry_log":31,"minecraft:netherite_pickaxe":3,"minecraft:redstone":44,"minecraft:tnt":76,"minecraft:stone_sword":2,"minecraft:arrow":10,"minecraft:rotten_flesh":9,"minecraft:gold_ingot":1,"minecraft:netherite_chestplate":1,"minecraft:blaze_rod":10,"minecraft:mutton":1,"minecraft:white_wool":1,"minecraft:cobblestone":62,"minecraft:netherite_boots":1,"minecraft:magma_block":2,"minecraft:basalt":5,"minecraft:cooked_beef":26,"minecraft:magma_cream":2,"minecraft:warped_fungus_on_a_stick":1,"minecraft:flint":3,"minecraft:tuff":13,"minecraft:ancient_debris":5,"minecraft:wither_skeleton_skull":1,"minecraft:netherite_leggings":1,"minecraft:lapis_lazuli":72,"minecraft:bone":29,"minecraft:acacia_planks":1,"minecraft:wheat_seeds":3,"minecraft:raw_gold":2,"minecraft:netherite_axe":1,"minecraft:quartz":8,"minecraft:gravel":20,"minecraft:diamond":2,"minecraft:netherite_helmet":1,"minecraft:granite":4,"minecraft:netherrack":403,"minecraft:coal":2,"minecraft:crimson_roots":1},"minecraft:custom":{"minecraft:mob_kills":90,"minecraft:interact_with_anvil":8,"minecraft:interact_with_crafting_table":4,"minecraft:leave_game":2,"minecraft:time_since_death":145507,"minecraft:damage_resisted":691,"minecraft:climb_one_cm":28,"minecraft:sprint_one_cm":237104,"minecraft:walk_one_cm":373133,"minecraft:damage_blocked_by_shield":50,"minecraft:drop":144,"minecraft:strider_one_cm":691516,"minecraft:play_time":145507,"minecraft:sneak_time":2084,"minecraft:walk_under_water_one_cm":14222,"minecraft:jump":2398,"minecraft:walk_on_water_one_cm":23142,"minecraft:total_world_time":145507,"minecraft:time_since_rest":145507,"minecraft:damage_taken":2532,"minecraft:damage_absorbed":2015,"minecraft:damage_dealt":12490,"minecraft:swim_one_cm":20333,"minecraft:fly_one_cm":231887,"minecraft:open_chest":5,"minecraft:crouch_one_cm":6653,"minecraft:fall_one_cm":61958,"minecraft:horse_one_cm":490674},"minecraft:used":{"minecraft:netherite_sword":181,"minecraft:flint_and_steel":12,"minecraft:armor_stand":2,"minecraft:shield":2,"minecraft:rotten_flesh":2,"minecraft:netherrack":137,"minecraft:torch":170,"minecraft:anvil":4,"minecraft:mutton":1,"minecraft:netherite_shovel":38,"minecraft:crimson_roots":1,"minecraft:netherite_boots":2,"minecraft:soul_soil":10,"minecraft:netherite_pickaxe":2642,"minecraft:egg":177,"minecraft:cooked_beef":7,"minecraft:acacia_planks":183,"minecraft:cobbled_deepslate":30,"minecraft:powder_snow_bucket":12,"minecraft:enchanted_golden_apple":25,"minecraft:water_bucket":38,"minecraft:netherite_chestplate":2,"minecraft:ender_pearl":15,"minecraft:white_wool":1,"minecraft:netherite_leggings":2,"minecraft:tnt":76,"minecraft:crafting_table":1,"minecraft:netherite_helmet":2,"minecraft:netherite_axe":66,"minecraft:gravel":13,"minecraft:cobblestone":44,"minecraft:bucket":50,"minecraft:experience_bottle":256},"minecraft:dropped":{"minecraft:water_bucket":1,"minecraft:enchanted_book":9,"minecraft:netherite_pickaxe":1,"minecraft:porkchop":3,"minecraft:wheat_seeds":2,"minecraft:ender_pearl":2,"minecraft:warped_fungus_on_a_stick":1,"minecraft:cobblestone":18,"minecraft:granite":4,"minecraft:saddle":1,"minecraft:coal":2,"minecraft:flint":1,"minecraft:torch":18,"minecraft:gold_nugget":11,"minecraft:string":2,"minecraft:acacia_planks":70,"minecraft:bone":4,"minecraft:redstone":44,"minecraft:gravel":7,"minecraft:anvil":2,"minecraft:cobbled_deepslate":241,"minecraft:tuff":13,"minecraft:obsidian":2,"minecraft:experience_bottle":129,"minecraft:rotten_flesh":1,"minecraft:enchanted_golden_apple":2,"minecraft:netherite_shovel":2,"minecraft:magma_cream":2,"minecraft:netherrack":261},"minecraft:killed":{"minecraft:zombified_piglin":9,"minecraft:endermite":1,"minecraft:skeleton":12,"minecraft:magma_cube":26,"minecraft:pig":2,"minecraft:zombie_villager":1,"minecraft:sheep":2,"minecraft:zombie":3,"minecraft:wither_skeleton":16,"minecraft:blaze":14},"minecraft:mined":{"minecraft:nether_gold_ore":11,"minecraft:tuff":14,"minecraft:deepslate_diamond_ore":1,"minecraft:cherry_log":31,"minecraft:glow_lichen":1,"minecraft:granite":2,"minecraft:crimson_roots":1,"minecraft:soul_soil":5,"minecraft:magma_block":33,"minecraft:redstone_ore":1,"minecraft:fire":3,"minecraft:iron_ore":25,"minecraft:andesite":1,"minecraft:anvil":2,"minecraft:deepslate_iron_ore":16,"minecraft:stone":32,"minecraft:deepslate_redstone_ore":8,"minecraft:soul_sand":8,"minecraft:blackstone":17,"minecraft:crimson_nylium":1,"minecraft:basalt":79,"minecraft:torch":2,"minecraft:nether_quartz_ore":21,"minecraft:cobblestone":32,"minecraft:lapis_ore":5,"minecraft:diorite":2,"minecraft:wall_torch":2,"minecraft:tnt":12,"minecraft:grass":7,"minecraft:gravel":32,"minecraft:acacia_planks":4,"minecraft:netherrack":2036,"minecraft:ancient_debris":4,"minecraft:gold_ore":1,"minecraft:deepslate":277},"minecraft:crafted":{"minecraft:blaze_powder":20,"minecraft:crafting_table":1,"minecraft:stone_sword":1,"minecraft:acacia_planks":256}},"DataVersion":3463}