{"stats":{"minecraft:killed":{"minecraft:cow":3},"minecraft:used":{"minecraft:oak_planks":2,"minecraft:wooden_pickaxe":23,"minecraft:wooden_sword":23,"minecraft:crafting_table":2,"minecraft:furnace":1,"minecraft:cooked_beef":1},"minecraft:crafted":{"minecraft:cooked_beef":1,"minecraft:wooden_sword":1,"minecraft:oak_planks":36,"minecraft:crafting_table":2,"minecraft:stick":4,"minecraft:wooden_pickaxe":1,"minecraft:furnace":1},"minecraft:custom":{"minecraft:time_since_rest":9580,"minecraft:interact_with_furnace":2,"minecraft:sprint_one_cm":24492,"minecraft:damage_taken":10,"minecraft:walk_one_cm":27989,"minecraft:mob_kills":3,"minecraft:drop":2,"minecraft:damage_dealt":364,"minecraft:interact_with_crafting_table":2,"minecraft:swim_one_cm":701,"minecraft:fly_one_cm":14850,"minecraft:play_time":9580,"minecraft:sneak_time":76,"minecraft:walk_under_water_one_cm":63,"minecraft:jump":128,"minecraft:time_since_death":9580,"minecraft:walk_on_water_one_cm":56,"minecraft:total_world_time":9580,"minecraft:fall_one_cm":687},"minecraft:picked_up":{"minecraft:leather":3,"minecraft:oak_log":9,"minecraft:wheat_seeds":1,"minecraft:beef":7,"minecraft:oak_planks":2,"minecraft:coal":7,"minecraft:cobblestone":14},"minecraft:dropped":{"minecraft:wheat_seeds":1,"minecraft:leather":3},"minecraft:mined":{"minecraft:grass":9,"minecraft:oak_log":10,"minecraft:coal_ore":9,"minecraft:tall_grass":2,"minecraft:stone":14,"minecraft:oak_planks":2,"minecraft:oak_leaves":5}},"DataVersion":3463}