{"stats":{"minecraft:killed":{"minecraft:spider":2,"minecraft:skeleton":1,"minecraft:zombie":2,"minecraft:cow":3},"minecraft:used":{"minecraft:stone_sword":41,"minecraft:stone_pickaxe":114,"minecraft:oak_planks":2,"minecraft:wooden_pickaxe":53,"minecraft:shield":2,"minecraft:torch":54,"minecraft:crafting_table":4,"minecraft:gravel":3,"minecraft:wooden_sword":48,"minecraft:cobblestone":85,"minecraft:furnace":2,"minecraft:cooked_beef":4},"minecraft:custom":{"minecraft:interact_with_furnace":6,"minecraft:mob_kills":8,"minecraft:interact_with_crafting_table":9,"minecraft:time_since_death":5329,"minecraft:time_since_rest":5409,"minecraft:sprint_one_cm":72186,"minecraft:damage_taken":585,"minecraft:walk_one_cm":98550,"minecraft:damage_blocked_by_shield":145,"minecraft:drop":23,"minecraft:damage_dealt":1572,"minecraft:fly_one_cm":47049,"minecraft:swim_one_cm":9394,"minecraft:crouch_one_cm":4779,"minecraft:play_time":45580,"minecraft:deaths":1,"minecraft:sneak_time":4105,"minecraft:walk_under_water_one_cm":14108,"minecraft:jump":420,"minecraft:walk_on_water_one_cm":22292,"minecraft:total_world_time":45580,"minecraft:fall_one_cm":7912},"minecraft:crafted":{"minecraft:cooked_beef":9,"minecraft:wooden_sword":1,"minecraft:oak_planks":36,"minecraft:crafting_table":4,"minecraft:wooden_pickaxe":1,"minecraft:furnace":2,"minecraft:shield":1,"minecraft:stick":16,"minecraft:iron_ingot":4,"minecraft:stone_pickaxe":1,"minecraft:stone_sword":1,"minecraft:torch":40},"minecraft:broken":{"minecraft:wooden_pickaxe":1},"minecraft:killed_by":{"minecraft:enderman":1},"minecraft:picked_up":{"minecraft:cooked_beef":8,"minecraft:chicken":2,"minecraft:leather":13,"minecraft:flint":3,"minecraft:oak_log":11,"minecraft:shield":4,"minecraft:string":9,"minecraft:dirt":6,"minecraft:wooden_sword":2,"minecraft:bone":9,"minecraft:wheat_seeds":7,"minecraft:cobbled_deepslate":32,"minecraft:beef":7,"minecraft:iron_ingot":22,"minecraft:stone_pickaxe":2,"minecraft:oak_planks":163,"minecraft:raw_iron":9,"minecraft:torch":25,"minecraft:gravel":3,"minecraft:spider_eye":3,"minecraft:stone_sword":7,"minecraft:arrow":6,"minecraft:rotten_flesh":12,"minecraft:oak_sapling":6,"minecraft:coal":27,"minecraft:cobblestone":147},"minecraft:dropped":{"minecraft:iron_ingot":3,"minecraft:wheat_seeds":4,"minecraft:cooked_beef":10,"minecraft:stone_sword":2,"minecraft:chicken":1,"minecraft:rotten_flesh":4,"minecraft:cobblestone":14,"minecraft:oak_planks":54,"minecraft:leather":8,"minecraft:flint":1,"minecraft:dirt":3,"minecraft:shield":1,"minecraft:oak_sapling":2,"minecraft:wooden_sword":1,"minecraft:spider_eye":1,"minecraft:arrow":2,"minecraft:stone_pickaxe":1,"minecraft:string":3,"minecraft:bone":3},"minecraft:mined":{"minecraft:torch":5,"minecraft:cobblestone":4,"minecraft:tall_grass":2,"minecraft:oak_planks":2,"minecraft:wall_torch":7,"minecraft:iron_ore":9,"minecraft:grass":9,"minecraft:coal_ore":29,"minecraft:oak_log":10,"minecraft:gravel":4,"minecraft:stone":116,"minecraft:oak_leaves":5,"minecraft:deepslate":1}},"DataVersion":3463}