{"stats":{"minecraft:killed":{"minecraft:spider":2,"minecraft:slime":1,"minecraft:skeleton":5,"minecraft:zombie":7,"minecraft:silverfish":4,"minecraft:cow":3},"minecraft:used":{"minecraft:water_bucket":8,"minecraft:netherite_sword":70,"minecraft:stone_sword":41,"minecraft:stone_pickaxe":114,"minecraft:oak_planks":2,"minecraft:ender_pearl":2,"minecraft:wooden_pickaxe":53,"minecraft:shield":27,"minecraft:glow_berries":1,"minecraft:torch":59,"minecraft:golden_apple":4,"minecraft:netherite_leggings":1,"minecraft:crafting_table":5,"minecraft:netherite_helmet":1,"minecraft:tuff":10,"minecraft:obsidian":3,"minecraft:iron_pickaxe":8,"minecraft:gravel":4,"minecraft:bow":1,"minecraft:netherite_boots":1,"minecraft:wooden_sword":48,"minecraft:cobblestone":85,"minecraft:potion":3,"minecraft:furnace":2,"minecraft:bucket":8,"minecraft:netherite_pickaxe":78,"minecraft:cobbled_deepslate":17,"minecraft:cooked_beef":7,"minecraft:enchanted_golden_apple":1},"minecraft:custom":{"minecraft:interact_with_furnace":6,"minecraft:mob_kills":23,"minecraft:interact_with_crafting_table":12,"minecraft:time_since_death":41329,"minecraft:damage_resisted":60,"minecraft:time_since_rest":41409,"minecraft:sprint_one_cm":120832,"minecraft:damage_absorbed":190,"minecraft:damage_taken":1124,"minecraft:walk_one_cm":179182,"minecraft:damage_blocked_by_shield":835,"minecraft:drop":73,"minecraft:damage_dealt":3664,"minecraft:fly_one_cm":72325,"minecraft:swim_one_cm":9394,"minecraft:crouch_one_cm":5170,"minecraft:play_time":81580,"minecraft:deaths":1,"minecraft:sneak_time":4807,"minecraft:walk_under_water_one_cm":14126,"minecraft:jump":790,"minecraft:walk_on_water_one_cm":28789,"minecraft:total_world_time":81580,"minecraft:fall_one_cm":18723},"minecraft:crafted":{"minecraft:cooked_beef":9,"minecraft:wooden_sword":1,"minecraft:oak_planks":36,"minecraft:crafting_table":5,"minecraft:wooden_pickaxe":1,"minecraft:furnace":2,"minecraft:shield":1,"minecraft:stick":20,"minecraft:iron_ingot":4,"minecraft:iron_pickaxe":1,"minecraft:stone_pickaxe":1,"minecraft:stone_sword":1,"minecraft:torch":40},"minecraft:broken":{"minecraft:wooden_pickaxe":1},"minecraft:killed_by":{"minecraft:enderman":1},"minecraft:picked_up":{"minecraft:netherite_boots":1,"minecraft:cooked_beef":8,"minecraft:chicken":2,"minecraft:water_bucket":1,"minecraft:leather":18,"minecraft:potion":11,"minecraft:flint":5,"minecraft:tuff":13,"minecraft:oak_log":11,"minecraft:shield":4,"minecraft:netherite_leggings":1,"minecraft:lapis_lazuli":35,"minecraft:string":9,"minecraft:dirt":6,"minecraft:wooden_sword":3,"minecraft:bone":12,"minecraft:bow":1,"minecraft:wheat_seeds":7,"minecraft:raw_gold":12,"minecraft:cobbled_deepslate":90,"minecraft:netherite_sword":1,"minecraft:beef":7,"minecraft:iron_ingot":22,"minecraft:stone_pickaxe":2,"minecraft:iron_pickaxe":1,"minecraft:enchanted_golden_apple":64,"minecraft:oak_planks":163,"minecraft:stick":2,"minecraft:raw_iron":14,"minecraft:torch":153,"minecraft:gravel":6,"minecraft:netherite_shovel":1,"minecraft:pointed_dripstone":3,"minecraft:netherite_pickaxe":4,"minecraft:spider_eye":3,"minecraft:stone_sword":9,"minecraft:arrow":13,"minecraft:rotten_flesh":15,"minecraft:diamond":3,"minecraft:netherite_helmet":1,"minecraft:golden_apple":64,"minecraft:obsidian":6,"minecraft:netherite_chestplate":1,"minecraft:oak_sapling":8,"minecraft:glow_berries":1,"minecraft:coal":27,"minecraft:cobblestone":147,"minecraft:ender_pearl":17},"minecraft:dropped":{"minecraft:gravel":2,"minecraft:iron_ingot":11,"minecraft:wheat_seeds":7,"minecraft:cooked_beef":10,"minecraft:oak_log":1,"minecraft:stone_sword":6,"minecraft:cobbled_deepslate":64,"minecraft:glass_bottle":3,"minecraft:tuff":3,"minecraft:raw_iron":1,"minecraft:pointed_dripstone":3,"minecraft:chicken":2,"minecraft:rotten_flesh":11,"minecraft:cobblestone":28,"minecraft:oak_planks":102,"minecraft:netherite_shovel":1,"minecraft:leather":18,"minecraft:stick":4,"minecraft:flint":3,"minecraft:dirt":6,"minecraft:shield":2,"minecraft:oak_sapling":6,"minecraft:wooden_sword":3,"minecraft:spider_eye":2,"minecraft:arrow":11,"minecraft:bow":1,"minecraft:stone_pickaxe":2,"minecraft:iron_pickaxe":1,"minecraft:string":6,"minecraft:bone":9},"minecraft:mined":{"minecraft:tuff":13,"minecraft:deepslate_diamond_ore":3,"minecraft:obsidian":8,"minecraft:torch":5,"minecraft:cobblestone":4,"minecraft:tall_grass":2,"minecraft:deepslate_gold_ore":12,"minecraft:oak_planks":2,"minecraft:wall_torch":7,"minecraft:iron_ore":9,"minecraft:deepslate_lapis_ore":6,"minecraft:deepslate_iron_ore":7,"minecraft:grass":9,"minecraft:coal_ore":29,"minecraft:oak_log":10,"minecraft:gravel":8,"minecraft:stone":116,"minecraft:oak_leaves":5,"minecraft:deepslate":38}},"DataVersion":3463}