{"stats":{"minecraft:killed":{"minecraft:zombie":1,"minecraft:spider":2,"minecraft:cow":3},"minecraft:used":{"minecraft:stone_sword":9,"minecraft:stone_pickaxe":113,"minecraft:oak_planks":2,"minecraft:wooden_pickaxe":53,"minecraft:gravel":3,"minecraft:torch":31,"minecraft:wooden_sword":48,"minecraft:cobblestone":85,"minecraft:crafting_table":4,"minecraft:furnace":2,"minecraft:cooked_beef":3},"minecraft:crafted":{"minecraft:cooked_beef":9,"minecraft:wooden_sword":1,"minecraft:oak_planks":36,"minecraft:crafting_table":4,"minecraft:stick":16,"minecraft:stone_pickaxe":1,"minecraft:wooden_pickaxe":1,"minecraft:stone_sword":1,"minecraft:furnace":2,"minecraft:torch":40},"minecraft:custom":{"minecraft:time_since_rest":33580,"minecraft:interact_with_furnace":4,"minecraft:sprint_one_cm":55205,"minecraft:damage_taken":280,"minecraft:walk_one_cm":76336,"minecraft:mob_kills":6,"minecraft:drop":3,"minecraft:damage_dealt":1051,"minecraft:interact_with_crafting_table":8,"minecraft:swim_one_cm":6640,"minecraft:fly_one_cm":25148,"minecraft:crouch_one_cm":4596,"minecraft:play_time":33580,"minecraft:sneak_time":3846,"minecraft:walk_under_water_one_cm":12296,"minecraft:jump":282,"minecraft:time_since_death":33580,"minecraft:walk_on_water_one_cm":7486,"minecraft:total_world_time":33580,"minecraft:fall_one_cm":5202},"minecraft:broken":{"minecraft:wooden_pickaxe":1},"minecraft:picked_up":{"minecraft:raw_iron":9,"minecraft:leather":3,"minecraft:torch":8,"minecraft:gravel":3,"minecraft:flint":1,"minecraft:oak_log":9,"minecraft:spider_eye":1,"minecraft:string":3,"minecraft:rotten_flesh":3,"minecraft:wheat_seeds":1,"minecraft:cobbled_deepslate":3,"minecraft:beef":7,"minecraft:oak_planks":2,"minecraft:coal":27,"minecraft:cobblestone":119},"minecraft:dropped":{"minecraft:wheat_seeds":1,"minecraft:cooked_beef":6,"minecraft:leather":3},"minecraft:mined":{"minecraft:iron_ore":9,"minecraft:torch":1,"minecraft:grass":9,"minecraft:oak_log":10,"minecraft:coal_ore":29,"minecraft:gravel":4,"minecraft:tall_grass":2,"minecraft:cobblestone":4,"minecraft:stone":116,"minecraft:oak_planks":2,"minecraft:wall_torch":6,"minecraft:oak_leaves":5}},"DataVersion":3463}