{"stats":{"minecraft:killed":{"minecraft:spider":2,"minecraft:slime":1,"minecraft:skeleton":5,"minecraft:silverfish":4,"minecraft:piglin":7,"minecraft:hoglin":1,"minecraft:zombie":7,"minecraft:cow":3},"minecraft:used":{"minecraft:netherite_sword":125,"minecraft:stone_sword":41,"minecraft:shield":27,"minecraft:netherrack":31,"minecraft:torch":64,"minecraft:tuff":10,"minecraft:obsidian":3,"minecraft:lava_bucket":1,"minecraft:netherite_boots":1,"minecraft:bow":1,"minecraft:furnace":2,"minecraft:netherite_pickaxe":145,"minecraft:cooked_beef":7,"minecraft:cobbled_deepslate":19,"minecraft:enchanted_golden_apple":4,"minecraft:water_bucket":8,"minecraft:oak_planks":2,"minecraft:stone_pickaxe":114,"minecraft:ender_pearl":2,"minecraft:wooden_pickaxe":53,"minecraft:golden_apple":7,"minecraft:glow_berries":1,"minecraft:netherite_leggings":1,"minecraft:crafting_table":5,"minecraft:netherite_helmet":1,"minecraft:iron_pickaxe":8,"minecraft:gravel":4,"minecraft:wooden_sword":48,"minecraft:potion":4,"minecraft:cobblestone":85,"minecraft:bucket":9},"minecraft:custom":{"minecraft:mob_kills":31,"minecraft:interact_with_crafting_table":12,"minecraft:time_since_death":65329,"minecraft:damage_resisted":97,"minecraft:sprint_one_cm":157576,"minecraft:walk_one_cm":241968,"minecraft:damage_blocked_by_shield":835,"minecraft:drop":84,"minecraft:play_time":105580,"minecraft:deaths":1,"minecraft:sneak_time":5135,"minecraft:walk_under_water_one_cm":16534,"minecraft:jump":1128,"minecraft:walk_on_water_one_cm":47396,"minecraft:total_world_time":105580,"minecraft:interact_with_furnace":6,"minecraft:time_since_rest":65409,"minecraft:damage_taken":1427,"minecraft:damage_absorbed":274,"minecraft:damage_dealt":5224,"minecraft:swim_one_cm":9734,"minecraft:fly_one_cm":85327,"minecraft:crouch_one_cm":5188,"minecraft:fall_one_cm":26048},"minecraft:crafted":{"minecraft:wooden_sword":1,"minecraft:oak_planks":36,"minecraft:furnace":2,"minecraft:stone_pickaxe":1,"minecraft:cooked_beef":9,"minecraft:crafting_table":5,"minecraft:wooden_pickaxe":1,"minecraft:shield":1,"minecraft:stick":20,"minecraft:iron_ingot":4,"minecraft:iron_pickaxe":1,"minecraft:stone_sword":1,"minecraft:torch":40},"minecraft:broken":{"minecraft:wooden_pickaxe":1},"minecraft:killed_by":{"minecraft:enderman":1},"minecraft:picked_up":{"minecraft:chicken":2,"minecraft:potion":11,"minecraft:shield":4,"minecraft:golden_sword":3,"minecraft:string":9,"minecraft:wooden_sword":3,"minecraft:shroomlight":1,"minecraft:gold_nugget":29,"minecraft:cobbled_deepslate":92,"minecraft:netherite_sword":1,"minecraft:beef":7,"minecraft:iron_pickaxe":1,"minecraft:enchanted_golden_apple":64,"minecraft:stick":2,"minecraft:raw_iron":14,"minecraft:torch":156,"minecraft:netherite_shovel":1,"minecraft:pointed_dripstone":3,"minecraft:netherite_pickaxe":4,"minecraft:arrow":13,"minecraft:stone_sword":9,"minecraft:weeping_vines":1,"minecraft:rotten_flesh":15,"minecraft:netherite_chestplate":1,"minecraft:glow_berries":1,"minecraft:obsidian":14,"minecraft:cobblestone":147,"minecraft:netherite_boots":1,"minecraft:cooked_beef":8,"minecraft:crimson_stem":8,"minecraft:water_bucket":1,"minecraft:leather":18,"minecraft:flint":5,"minecraft:tuff":13,"minecraft:oak_log":11,"minecraft:nether_wart_block":6,"minecraft:netherite_leggings":1,"minecraft:lapis_lazuli":35,"minecraft:dirt":6,"minecraft:bone":12,"minecraft:bow":1,"minecraft:wheat_seeds":7,"minecraft:raw_gold":61,"minecraft:stone_pickaxe":2,"minecraft:iron_ingot":22,"minecraft:glass_bottle":1,"minecraft:oak_planks":163,"minecraft:quartz":13,"minecraft:gravel":6,"minecraft:spider_eye":3,"minecraft:diamond":3,"minecraft:netherite_helmet":1,"minecraft:golden_apple":64,"minecraft:oak_sapling":8,"minecraft:netherrack":31,"minecraft:coal":27,"minecraft:crimson_roots":1,"minecraft:ender_pearl":17},"minecraft:dropped":{"minecraft:iron_ingot":11,"minecraft:wheat_seeds":7,"minecraft:cooked_beef":10,"minecraft:oak_log":1,"minecraft:glass_bottle":3,"minecraft:cobblestone":28,"minecraft:leather":18,"minecraft:stick":4,"minecraft:flint":4,"minecraft:dirt":6,"minecraft:wooden_sword":3,"minecraft:iron_pickaxe":2,"minecraft:string":6,"minecraft:bone":9,"minecraft:gravel":2,"minecraft:stone_sword":6,"minecraft:cobbled_deepslate":64,"minecraft:tuff":3,"minecraft:obsidian":3,"minecraft:pointed_dripstone":3,"minecraft:raw_iron":5,"minecraft:chicken":2,"minecraft:rotten_flesh":11,"minecraft:oak_planks":102,"minecraft:netherite_shovel":1,"minecraft:shield":2,"minecraft:oak_sapling":6,"minecraft:golden_sword":2,"minecraft:spider_eye":2,"minecraft:arrow":11,"minecraft:bow":1,"minecraft:stone_pickaxe":2,"minecraft:raw_gold":51},"minecraft:mined":{"minecraft:nether_gold_ore":7,"minecraft:tuff":13,"minecraft:deepslate_diamond_ore":3,"minecraft:obsidian":16,"minecraft:crimson_roots":1,"minecraft:crimson_stem":9,"minecraft:weeping_vines_plant":1,"minecraft:iron_ore":9,"minecraft:deepslate_lapis_ore":6,"minecraft:deepslate_iron_ore":7,"minecraft:shroomlight":1,"minecraft:stone":116,"minecraft:crimson_nylium":4,"minecraft:torch":5,"minecraft:nether_quartz_ore":13,"minecraft:tall_grass":2,"minecraft:cobblestone":4,"minecraft:deepslate_gold_ore":12,"minecraft:oak_planks":2,"minecraft:wall_torch":11,"minecraft:nether_wart_block":7,"minecraft:grass":9,"minecraft:oak_log":10,"minecraft:coal_ore":29,"minecraft:gravel":8,"minecraft:netherrack":31,"minecraft:oak_leaves":5,"minecraft:deepslate":38}},"DataVersion":3463}