{"stats":{"minecraft:used":{"minecraft:stone_pickaxe":32,"minecraft:oak_planks":2,"minecraft:wooden_pickaxe":53,"minecraft:torch":22,"minecraft:wooden_sword":48,"minecraft:cobblestone":6,"minecraft:crafting_table":3,"minecraft:furnace":1,"minecraft:cooked_beef":3},"minecraft:killed":{"minecraft:zombie":1,"minecraft:spider":2,"minecraft:cow":3},"minecraft:crafted":{"minecraft:cooked_beef":9,"minecraft:wooden_sword":1,"minecraft:oak_planks":36,"minecraft:crafting_table":3,"minecraft:stick":16,"minecraft:stone_pickaxe":1,"minecraft:wooden_pickaxe":1,"minecraft:stone_sword":1,"minecraft:furnace":1,"minecraft:torch":20},"minecraft:custom":{"minecraft:time_since_rest":21580,"minecraft:interact_with_furnace":3,"minecraft:sprint_one_cm":51099,"minecraft:damage_taken":235,"minecraft:walk_one_cm":63043,"minecraft:mob_kills":6,"minecraft:drop":2,"minecraft:damage_dealt":879,"minecraft:interact_with_crafting_table":7,"minecraft:swim_one_cm":6640,"minecraft:fly_one_cm":24587,"minecraft:crouch_one_cm":1931,"minecraft:play_time":21580,"minecraft:sneak_time":734,"minecraft:walk_under_water_one_cm":4013,"minecraft:jump":231,"minecraft:time_since_death":21580,"minecraft:walk_on_water_one_cm":414,"minecraft:total_world_time":21580,"minecraft:fall_one_cm":1792},"minecraft:broken":{"minecraft:wooden_pickaxe":1},"minecraft:picked_up":{"minecraft:leather":3,"minecraft:torch":7,"minecraft:oak_log":9,"minecraft:spider_eye":1,"minecraft:string":2,"minecraft:rotten_flesh":2,"minecraft:wheat_seeds":1,"minecraft:beef":7,"minecraft:oak_planks":2,"minecraft:coal":14,"minecraft:cobblestone":60},"minecraft:dropped":{"minecraft:wheat_seeds":1,"minecraft:leather":3},"minecraft:mined":{"minecraft:torch":1,"minecraft:grass":9,"minecraft:oak_log":10,"minecraft:coal_ore":16,"minecraft:tall_grass":2,"minecraft:stone":62,"minecraft:oak_planks":2,"minecraft:wall_torch":5,"minecraft:oak_leaves":5}},"DataVersion":3463}