{"stats":{"minecraft:killed":{"minecraft:spider":2,"minecraft:slime":1,"minecraft:skeleton":1,"minecraft:zombie":2,"minecraft:cow":3},"minecraft:used":{"minecraft:netherite_sword":2,"minecraft:stone_sword":41,"minecraft:stone_pickaxe":114,"minecraft:oak_planks":2,"minecraft:wooden_pickaxe":53,"minecraft:shield":13,"minecraft:torch":59,"minecraft:netherite_leggings":1,"minecraft:crafting_table":5,"minecraft:netherite_helmet":1,"minecraft:iron_pickaxe":8,"minecraft:gravel":4,"minecraft:netherite_boots":1,"minecraft:wooden_sword":48,"minecraft:cobblestone":85,"minecraft:potion":1,"minecraft:furnace":2,"minecraft:cooked_beef":7},"minecraft:custom":{"minecraft:interact_with_furnace":6,"minecraft:mob_kills":9,"minecraft:interact_with_crafting_table":12,"minecraft:time_since_death":17329,"minecraft:time_since_rest":17409,"minecraft:sprint_one_cm":84579,"minecraft:damage_taken":853,"minecraft:walk_one_cm":122247,"minecraft:damage_blocked_by_shield":425,"minecraft:drop":48,"minecraft:damage_dealt":1582,"minecraft:fly_one_cm":51762,"minecraft:swim_one_cm":9394,"minecraft:crouch_one_cm":4779,"minecraft:play_time":57580,"minecraft:deaths":1,"minecraft:sneak_time":4105,"minecraft:walk_under_water_one_cm":14108,"minecraft:jump":513,"minecraft:walk_on_water_one_cm":22292,"minecraft:total_world_time":57580,"minecraft:fall_one_cm":10097},"minecraft:crafted":{"minecraft:cooked_beef":9,"minecraft:wooden_sword":1,"minecraft:oak_planks":36,"minecraft:crafting_table":5,"minecraft:wooden_pickaxe":1,"minecraft:furnace":2,"minecraft:shield":1,"minecraft:stick":20,"minecraft:iron_ingot":4,"minecraft:iron_pickaxe":1,"minecraft:stone_pickaxe":1,"minecraft:stone_sword":1,"minecraft:torch":40},"minecraft:broken":{"minecraft:wooden_pickaxe":1},"minecraft:killed_by":{"minecraft:enderman":1},"minecraft:picked_up":{"minecraft:netherite_boots":1,"minecraft:cooked_beef":8,"minecraft:chicken":2,"minecraft:water_bucket":1,"minecraft:leather":18,"minecraft:potion":5,"minecraft:flint":3,"minecraft:oak_log":11,"minecraft:shield":4,"minecraft:netherite_leggings":1,"minecraft:string":9,"minecraft:dirt":6,"minecraft:wooden_sword":3,"minecraft:bone":9,"minecraft:wheat_seeds":7,"minecraft:cobbled_deepslate":63,"minecraft:netherite_sword":1,"minecraft:beef":7,"minecraft:iron_ingot":22,"minecraft:stone_pickaxe":2,"minecraft:iron_pickaxe":1,"minecraft:enchanted_golden_apple":64,"minecraft:oak_planks":163,"minecraft:stick":2,"minecraft:raw_iron":9,"minecraft:torch":153,"minecraft:gravel":4,"minecraft:netherite_shovel":1,"minecraft:netherite_pickaxe":4,"minecraft:spider_eye":3,"minecraft:stone_sword":9,"minecraft:arrow":8,"minecraft:rotten_flesh":12,"minecraft:netherite_helmet":1,"minecraft:golden_apple":64,"minecraft:netherite_chestplate":1,"minecraft:oak_sapling":8,"minecraft:glow_berries":1,"minecraft:coal":27,"minecraft:cobblestone":147,"minecraft:ender_pearl":17},"minecraft:dropped":{"minecraft:iron_ingot":11,"minecraft:wheat_seeds":7,"minecraft:cooked_beef":10,"minecraft:oak_log":1,"minecraft:stone_sword":5,"minecraft:cobbled_deepslate":25,"minecraft:chicken":2,"minecraft:rotten_flesh":8,"minecraft:cobblestone":28,"minecraft:oak_planks":102,"minecraft:netherite_shovel":1,"minecraft:leather":13,"minecraft:stick":2,"minecraft:flint":2,"minecraft:dirt":6,"minecraft:shield":1,"minecraft:oak_sapling":4,"minecraft:wooden_sword":2,"minecraft:spider_eye":2,"minecraft:arrow":6,"minecraft:stone_pickaxe":2,"minecraft:iron_pickaxe":1,"minecraft:string":6,"minecraft:bone":6},"minecraft:mined":{"minecraft:torch":5,"minecraft:cobblestone":4,"minecraft:tall_grass":2,"minecraft:oak_planks":2,"minecraft:wall_torch":7,"minecraft:iron_ore":9,"minecraft:grass":9,"minecraft:coal_ore":29,"minecraft:oak_log":10,"minecraft:gravel":5,"minecraft:stone":116,"minecraft:oak_leaves":5,"minecraft:deepslate":9}},"DataVersion":3463}