{"stats":{"minecraft:picked_up":{"minecraft:chicken":1,"minecraft:nether_brick_fence":2,"minecraft:diamond_horse_armor":1,"minecraft:shield":1,"minecraft:golden_sword":6,"minecraft:string":8,"minecraft:soul_soil":7,"minecraft:blackstone":59,"minecraft:gold_nugget":4,"minecraft:cobbled_deepslate":257,"minecraft:netherite_sword":1,"minecraft:beef":4,"minecraft:ender_eye":1,"minecraft:enchanted_golden_apple":117,"minecraft:egg":1,"minecraft:stick":2,"minecraft:raw_iron":95,"minecraft:oak_door":1,"minecraft:torch":83,"minecraft:acacia_log":8,"minecraft:porkchop":16,"minecraft:netherite_shovel":1,"minecraft:pointed_dripstone":2,"minecraft:diorite":2,"minecraft:redstone":276,"minecraft:netherite_pickaxe":2,"minecraft:arrow":39,"minecraft:rotten_flesh":16,"minecraft:nether_bricks":3,"minecraft:saddle":2,"minecraft:blaze_rod":6,"minecraft:obsidian":27,"minecraft:mutton":12,"minecraft:white_wool":7,"minecraft:cobblestone":165,"minecraft:magma_block":47,"minecraft:pink_petals":23,"minecraft:netherite_boots":1,"minecraft:cooked_beef":6,"minecraft:basalt":82,"minecraft:warped_fungus_on_a_stick":1,"minecraft:water_bucket":1,"minecraft:crimson_stem":1,"minecraft:andesite":1,"minecraft:leather":12,"minecraft:flint":2,"minecraft:tuff":14,"minecraft:oak_log":19,"minecraft:nether_wart_block":15,"minecraft:wither_skeleton_skull":2,"minecraft:lapis_lazuli":46,"minecraft:dirt":39,"minecraft:bone":46,"minecraft:acacia_planks":124,"minecraft:apple":1,"minecraft:wheat_seeds":9,"minecraft:raw_gold":30,"minecraft:iron_ingot":3,"minecraft:soul_sand":5,"minecraft:cooked_porkchop":4,"minecraft:quartz":10,"minecraft:gravel":5,"minecraft:spider_eye":1,"minecraft:diamond":4,"minecraft:netherite_helmet":1,"minecraft:crossbow":2,"minecraft:coal":24,"minecraft:oak_sapling":4,"minecraft:netherrack":357,"minecraft:crimson_roots":7,"minecraft:ender_pearl":4},"minecraft:broken":{"minecraft:wooden_pickaxe":1,"minecraft:stone_pickaxe":1},"minecraft:custom":{"minecraft:mob_kills":102,"minecraft:interact_with_anvil":1,"minecraft:interact_with_crafting_table":5,"minecraft:leave_game":4,"minecraft:time_since_death":45405,"minecraft:climb_one_cm":548,"minecraft:damage_resisted":658,"minecraft:sprint_one_cm":438781,"minecraft:walk_one_cm":694027,"minecraft:damage_blocked_by_shield":1990,"minecraft:drop":70,"minecraft:strider_one_cm":541662,"minecraft:play_time":314450,"minecraft:deaths":4,"minecraft:sneak_time":29374,"minecraft:walk_under_water_one_cm":53262,"minecraft:jump":3499,"minecraft:walk_on_water_one_cm":120958,"minecraft:total_world_time":314450,"minecraft:interact_with_furnace":5,"minecraft:time_since_rest":45443,"minecraft:damage_taken":3359,"minecraft:damage_absorbed":1618,"minecraft:damage_dealt":20144,"minecraft:swim_one_cm":43757,"minecraft:fly_one_cm":741845,"minecraft:open_chest":4,"minecraft:crouch_one_cm":67441,"minecraft:fall_one_cm":74463},"minecraft:used":{"minecraft:netherite_sword":697,"minecraft:stone_sword":22,"minecraft:flint_and_steel":27,"minecraft:armor_stand":1,"minecraft:shield":54,"minecraft:netherrack":140,"minecraft:torch":98,"minecraft:dirt":27,"minecraft:nether_bricks":3,"minecraft:tuff":14,"minecraft:obsidian":45,"minecraft:netherite_shovel":1,"minecraft:golden_sword":1,"minecraft:bow":6,"minecraft:soul_soil":3,"minecraft:netherite_pickaxe":746,"minecraft:cooked_beef":3,"minecraft:cobbled_deepslate":68,"minecraft:acacia_planks":113,"minecraft:enchanted_golden_apple":28,"minecraft:crimson_stem":1,"minecraft:water_bucket":40,"minecraft:warped_fungus_on_a_stick":1,"minecraft:stone_pickaxe":117,"minecraft:blackstone":36,"minecraft:wooden_pickaxe":59,"minecraft:crafting_table":1,"minecraft:red_bed":18,"minecraft:ender_eye":26,"minecraft:gravel":4,"minecraft:nether_wart_block":15,"minecraft:cobblestone":93,"minecraft:potion":2,"minecraft:porkchop":2,"minecraft:cooked_porkchop":2,"minecraft:bucket":5,"minecraft:end_portal_frame":12},"minecraft:dropped":{"minecraft:water_bucket":1,"minecraft:soul_sand":1,"minecraft:netherite_pickaxe":7,"minecraft:wheat_seeds":1,"minecraft:ender_pearl":17,"minecraft:netherite_chestplate":1,"minecraft:netherite_axe":1,"minecraft:netherite_helmet":1,"minecraft:crossbow":1,"minecraft:warped_fungus_on_a_stick":1,"minecraft:glow_berries":1,"minecraft:leather":5,"minecraft:apple":1,"minecraft:saddle":1,"minecraft:golden_apple":64,"minecraft:diamond_horse_armor":1,"minecraft:dirt":1,"minecraft:red_bed":1,"minecraft:torch":128,"minecraft:crimson_roots":4,"minecraft:netherite_boots":1,"minecraft:potion":11,"minecraft:string":6,"minecraft:bone":24,"minecraft:soul_soil":4,"minecraft:blaze_rod":4,"minecraft:netherite_sword":2,"minecraft:pointed_dripstone":2,"minecraft:rotten_flesh":9,"minecraft:enchanted_golden_apple":192,"minecraft:netherite_shovel":1,"minecraft:nether_brick_fence":2,"minecraft:netherite_leggings":1,"minecraft:tipped_arrow":64,"minecraft:shield":1,"minecraft:andesite":1,"minecraft:oak_sapling":2,"minecraft:golden_sword":2,"minecraft:arrow":24},"minecraft:killed":{"minecraft:zombified_piglin":7,"minecraft:spider":5,"minecraft:skeleton":20,"minecraft:chicken":1,"minecraft:silverfish":6,"minecraft:magma_cube":1,"minecraft:piglin":6,"minecraft:strider":1,"minecraft:hoglin":5,"minecraft:sheep":4,"minecraft:zombie":18,"minecraft:wither_skeleton":11,"minecraft:cow":2,"minecraft:enderman":3,"minecraft:blaze":10},"minecraft:mined":{"minecraft:infested_deepslate":2,"minecraft:tuff":12,"minecraft:deepslate_diamond_ore":3,"minecraft:obsidian":27,"minecraft:nether_bricks":3,"minecraft:granite":1,"minecraft:acacia_log":8,"minecraft:grass_block":8,"minecraft:crimson_roots":6,"minecraft:soul_soil":5,"minecraft:magma_block":41,"minecraft:redstone_ore":2,"minecraft:iron_ore":18,"minecraft:andesite":1,"minecraft:deepslate_lapis_ore":4,"minecraft:nether_brick_fence":2,"minecraft:deepslate_iron_ore":59,"minecraft:stone":180,"minecraft:deepslate_redstone_ore":38,"minecraft:acacia_leaves":2,"minecraft:soul_sand":3,"minecraft:blackstone":33,"minecraft:basalt":52,"minecraft:tall_grass":20,"minecraft:cobblestone":3,"minecraft:deepslate_gold_ore":20,"minecraft:wall_torch":1,"minecraft:pink_petals":2,"minecraft:nether_wart_block":15,"minecraft:grass":47,"minecraft:oak_log":18,"minecraft:coal_ore":18,"minecraft:gravel":4,"minecraft:dirt":19,"minecraft:acacia_planks":1,"minecraft:ancient_debris":1,"minecraft:netherrack":87,"minecraft:oak_leaves":6,"minecraft:deepslate":186},"minecraft:killed_by":{"minecraft:enderman":1,"minecraft:skeleton":1,"minecraft:zombie":1},"minecraft:crafted":{"minecraft:oak_planks":72,"minecraft:stone_pickaxe":1,"minecraft:cooked_beef":1,"minecraft:crafting_table":1,"minecraft:wooden_pickaxe":1,"minecraft:shield":1,"minecraft:stick":12,"minecraft:iron_ingot":9,"minecraft:stone_sword":2,"minecraft:acacia_planks":256,"minecraft:torch":32}},"DataVersion":3463}