{"stats":{"minecraft:killed":{"minecraft:skeleton":2,"minecraft:zombie":5,"minecraft:chicken":1,"minecraft:cow":1,"minecraft:enderman":1},"minecraft:used":{"minecraft:netherite_sword":15,"minecraft:stone_sword":22,"minecraft:stone_pickaxe":117,"minecraft:wooden_pickaxe":59,"minecraft:torch":28,"minecraft:dirt":11,"minecraft:crafting_table":1,"minecraft:cobblestone":91,"minecraft:potion":1,"minecraft:cooked_beef":3,"minecraft:cobbled_deepslate":4},"minecraft:custom":{"minecraft:interact_with_furnace":5,"minecraft:mob_kills":10,"minecraft:interact_with_crafting_table":5,"minecraft:leave_game":3,"minecraft:time_since_death":14621,"minecraft:time_since_rest":14665,"minecraft:sprint_one_cm":73946,"minecraft:damage_taken":905,"minecraft:walk_one_cm":117930,"minecraft:drop":25,"minecraft:damage_dealt":1665,"minecraft:fly_one_cm":189188,"minecraft:crouch_one_cm":18444,"minecraft:play_time":73853,"minecraft:deaths":3,"minecraft:sneak_time":9628,"minecraft:walk_under_water_one_cm":8937,"minecraft:jump":662,"minecraft:walk_on_water_one_cm":13114,"minecraft:total_world_time":73853,"minecraft:fall_one_cm":12339},"minecraft:crafted":{"minecraft:cooked_beef":1,"minecraft:oak_planks":72,"minecraft:crafting_table":1,"minecraft:wooden_pickaxe":1,"minecraft:shield":1,"minecraft:stick":12,"minecraft:iron_ingot":9,"minecraft:stone_pickaxe":1,"minecraft:stone_sword":2,"minecraft:torch":32},"minecraft:broken":{"minecraft:stone_pickaxe":1,"minecraft:wooden_pickaxe":1},"minecraft:killed_by":{"minecraft:skeleton":1,"minecraft:zombie":1,"minecraft:enderman":1},"minecraft:picked_up":{"minecraft:cooked_beef":6,"minecraft:chicken":1,"minecraft:leather":5,"minecraft:oak_log":19,"minecraft:dirt":17,"minecraft:bone":2,"minecraft:wheat_seeds":3,"minecraft:cobbled_deepslate":21,"minecraft:beef":3,"minecraft:iron_ingot":3,"minecraft:raw_iron":4,"minecraft:stick":2,"minecraft:torch":1,"minecraft:gravel":1,"minecraft:arrow":2,"minecraft:rotten_flesh":3,"minecraft:oak_sapling":2,"minecraft:coal":8,"minecraft:cobblestone":96,"minecraft:ender_pearl":1},"minecraft:dropped":{"minecraft:water_bucket":1,"minecraft:netherite_pickaxe":4,"minecraft:ender_pearl":17,"minecraft:netherite_sword":1,"minecraft:netherite_helmet":1,"minecraft:netherite_chestplate":1,"minecraft:rotten_flesh":2,"minecraft:glow_berries":1,"minecraft:enchanted_golden_apple":64,"minecraft:netherite_shovel":1,"minecraft:golden_apple":64,"minecraft:netherite_leggings":1,"minecraft:torch":128,"minecraft:netherite_boots":1,"minecraft:potion":5},"minecraft:mined":{"minecraft:grass_block":4,"minecraft:cobblestone":3,"minecraft:iron_ore":4,"minecraft:grass":11,"minecraft:coal_ore":6,"minecraft:oak_log":18,"minecraft:dirt":15,"minecraft:stone":107,"minecraft:oak_leaves":6,"minecraft:deepslate":27}},"DataVersion":3463}