{"stats":{"minecraft:custom":{"minecraft:jump":54,"minecraft:time_since_rest":578,"minecraft:leave_game":1,"minecraft:damage_dealt":18,"minecraft:deaths":1,"minecraft:play_time":8846,"minecraft:sprint_one_cm":3287,"minecraft:damage_taken":235,"minecraft:time_since_death":0,"minecraft:walk_one_cm":4625,"minecraft:total_world_time":8846,"minecraft:fall_one_cm":1540,"minecraft:fly_one_cm":7420},"minecraft:picked_up":{"minecraft:dirt":3},"minecraft:killed_by":{"minecraft:zombie":1},"minecraft:mined":{"minecraft:grass_block":2,"minecraft:dirt":1}},"DataVersion":3463}