{"stats":{"minecraft:used":{"minecraft:stone_pickaxe":106,"minecraft:wooden_pickaxe":59,"minecraft:torch":22,"minecraft:dirt":3,"minecraft:cobblestone":91,"minecraft:crafting_table":1,"minecraft:cooked_beef":2,"minecraft:cobbled_deepslate":4},"minecraft:killed":{"minecraft:zombie":3,"minecraft:chicken":1,"minecraft:cow":1},"minecraft:crafted":{"minecraft:cooked_beef":1,"minecraft:oak_planks":72,"minecraft:crafting_table":1,"minecraft:stick":12,"minecraft:wooden_pickaxe":1,"minecraft:stone_pickaxe":1,"minecraft:stone_sword":1,"minecraft:torch":32},"minecraft:custom":{"minecraft:time_since_rest":41585,"minecraft:interact_with_furnace":2,"minecraft:sprint_one_cm":46596,"minecraft:damage_taken":420,"minecraft:walk_one_cm":87889,"minecraft:mob_kills":5,"minecraft:drop":2,"minecraft:damage_dealt":467,"minecraft:interact_with_crafting_table":2,"minecraft:fly_one_cm":52838,"minecraft:crouch_one_cm":12918,"minecraft:play_time":49853,"minecraft:deaths":1,"minecraft:sneak_time":7103,"minecraft:walk_under_water_one_cm":7115,"minecraft:jump":407,"minecraft:leave_game":3,"minecraft:time_since_death":40737,"minecraft:walk_on_water_one_cm":8823,"minecraft:total_world_time":49853,"minecraft:fall_one_cm":8837},"minecraft:broken":{"minecraft:wooden_pickaxe":1},"minecraft:killed_by":{"minecraft:zombie":1},"minecraft:picked_up":{"minecraft:stick":2,"minecraft:raw_iron":4,"minecraft:cooked_beef":6,"minecraft:chicken":1,"minecraft:leather":5,"minecraft:oak_log":19,"minecraft:dirt":16,"minecraft:rotten_flesh":2,"minecraft:wheat_seeds":3,"minecraft:cobbled_deepslate":18,"minecraft:beef":3,"minecraft:oak_sapling":2,"minecraft:coal":8,"minecraft:cobblestone":96},"minecraft:dropped":{"minecraft:rotten_flesh":2},"minecraft:mined":{"minecraft:iron_ore":4,"minecraft:grass":11,"minecraft:grass_block":4,"minecraft:oak_log":18,"minecraft:coal_ore":6,"minecraft:dirt":14,"minecraft:cobblestone":3,"minecraft:stone":107,"minecraft:deepslate":25,"minecraft:oak_leaves":6}},"DataVersion":3463}