{"stats":{"minecraft:killed":{"minecraft:spider":1},"minecraft:killed_by":{"minecraft:husk":1},"minecraft:mined":{"minecraft:dead_bush":1},"minecraft:picked_up":{"minecraft:stick":2,"minecraft:spider_eye":1,"minecraft:string":2},"minecraft:custom":{"minecraft:jump":36,"minecraft:deaths":1,"minecraft:time_since_rest":1634,"minecraft:damage_dealt":174,"minecraft:crouch_one_cm":823,"minecraft:damage_taken":260,"minecraft:sprint_one_cm":1075,"minecraft:play_time":4049,"minecraft:walk_on_water_one_cm":674,"minecraft:time_since_death":1563,"minecraft:walk_one_cm":6518,"minecraft:sneak_time":301,"minecraft:total_world_time":4049,"minecraft:mob_kills":1,"minecraft:fall_one_cm":418,"minecraft:fly_one_cm":4275,"minecraft:leave_game":1}},"DataVersion":3465}