{"stats":{"minecraft:crafted":{"minecraft:oak_planks":72,"minecraft:stone_pickaxe":1,"minecraft:cooked_beef":1,"minecraft:crafting_table":1,"minecraft:wooden_pickaxe":1,"minecraft:shield":1,"minecraft:stick":12,"minecraft:iron_ingot":9,"minecraft:stone_sword":2,"minecraft:acacia_planks":256,"minecraft:torch":32},"minecraft:dropped":{"minecraft:water_bucket":1,"minecraft:netherite_pickaxe":7,"minecraft:wheat_seeds":1,"minecraft:ender_pearl":17,"minecraft:netherite_chestplate":1,"minecraft:netherite_helmet":1,"minecraft:netherite_axe":1,"minecraft:crossbow":1,"minecraft:warped_fungus_on_a_stick":1,"minecraft:glow_berries":1,"minecraft:apple":1,"minecraft:leather":5,"minecraft:saddle":1,"minecraft:golden_apple":64,"minecraft:diamond_horse_armor":1,"minecraft:red_bed":1,"minecraft:torch":128,"minecraft:crimson_roots":4,"minecraft:netherite_boots":1,"minecraft:potion":11,"minecraft:string":4,"minecraft:bone":3,"minecraft:netherite_sword":2,"minecraft:pointed_dripstone":2,"minecraft:rotten_flesh":4,"minecraft:enchanted_golden_apple":192,"minecraft:netherite_shovel":1,"minecraft:netherite_leggings":1,"minecraft:tipped_arrow":64,"minecraft:shield":1,"minecraft:oak_sapling":2,"minecraft:golden_sword":1,"minecraft:arrow":11},"minecraft:custom":{"minecraft:mob_kills":64,"minecraft:interact_with_anvil":1,"minecraft:interact_with_crafting_table":5,"minecraft:leave_game":4,"minecraft:time_since_death":152192,"minecraft:climb_one_cm":548,"minecraft:damage_resisted":303,"minecraft:sprint_one_cm":251190,"minecraft:walk_one_cm":430953,"minecraft:damage_blocked_by_shield":705,"minecraft:drop":59,"minecraft:strider_one_cm":541662,"minecraft:play_time":212132,"minecraft:deaths":3,"minecraft:sneak_time":18756,"minecraft:walk_under_water_one_cm":31926,"minecraft:jump":2245,"minecraft:walk_on_water_one_cm":82127,"minecraft:total_world_time":212132,"minecraft:interact_with_furnace":5,"minecraft:time_since_rest":152944,"minecraft:damage_taken":2085,"minecraft:damage_absorbed":730,"minecraft:damage_dealt":12785,"minecraft:fly_one_cm":556590,"minecraft:swim_one_cm":4958,"minecraft:crouch_one_cm":37371,"minecraft:fall_one_cm":52323},"minecraft:killed_by":{"minecraft:enderman":1,"minecraft:skeleton":1,"minecraft:zombie":1},"minecraft:mined":{"minecraft:infested_deepslate":2,"minecraft:tuff":12,"minecraft:deepslate_diamond_ore":2,"minecraft:obsidian":27,"minecraft:acacia_log":8,"minecraft:grass_block":7,"minecraft:crimson_roots":3,"minecraft:soul_soil":3,"minecraft:iron_ore":4,"minecraft:nether_brick_fence":1,"minecraft:deepslate_iron_ore":52,"minecraft:stone":174,"minecraft:deepslate_redstone_ore":19,"minecraft:acacia_leaves":2,"minecraft:basalt":3,"minecraft:tall_grass":20,"minecraft:cobblestone":3,"minecraft:deepslate_gold_ore":16,"minecraft:pink_petals":2,"minecraft:nether_wart_block":15,"minecraft:grass":46,"minecraft:oak_log":18,"minecraft:coal_ore":18,"minecraft:gravel":3,"minecraft:dirt":19,"minecraft:netherrack":2,"minecraft:oak_leaves":6,"minecraft:deepslate":70},"minecraft:used":{"minecraft:netherite_sword":412,"minecraft:stone_sword":22,"minecraft:flint_and_steel":27,"minecraft:armor_stand":1,"minecraft:shield":22,"minecraft:netherrack":3,"minecraft:torch":41,"minecraft:dirt":27,"minecraft:tuff":14,"minecraft:obsidian":45,"minecraft:netherite_shovel":1,"minecraft:golden_sword":1,"minecraft:bow":6,"minecraft:soul_soil":3,"minecraft:netherite_pickaxe":343,"minecraft:cooked_beef":3,"minecraft:acacia_planks":38,"minecraft:cobbled_deepslate":44,"minecraft:enchanted_golden_apple":14,"minecraft:crimson_stem":1,"minecraft:water_bucket":35,"minecraft:warped_fungus_on_a_stick":1,"minecraft:stone_pickaxe":117,"minecraft:wooden_pickaxe":59,"minecraft:crafting_table":1,"minecraft:red_bed":18,"minecraft:ender_eye":26,"minecraft:gravel":4,"minecraft:nether_wart_block":15,"minecraft:cobblestone":91,"minecraft:potion":2,"minecraft:cooked_porkchop":2,"minecraft:porkchop":2,"minecraft:end_portal_frame":12},"minecraft:broken":{"minecraft:wooden_pickaxe":1,"minecraft:stone_pickaxe":1},"minecraft:killed":{"minecraft:zombified_piglin":4,"minecraft:spider":4,"minecraft:skeleton":10,"minecraft:chicken":1,"minecraft:silverfish":6,"minecraft:piglin":4,"minecraft:hoglin":4,"minecraft:sheep":4,"minecraft:zombie":12,"minecraft:wither_skeleton":6,"minecraft:blaze":4,"minecraft:cow":2,"minecraft:enderman":2},"minecraft:picked_up":{"minecraft:chicken":1,"minecraft:nether_brick_fence":1,"minecraft:diamond_horse_armor":1,"minecraft:golden_sword":2,"minecraft:string":4,"minecraft:soul_soil":3,"minecraft:gold_nugget":1,"minecraft:cobbled_deepslate":66,"minecraft:beef":4,"minecraft:ender_eye":1,"minecraft:egg":1,"minecraft:stick":2,"minecraft:raw_iron":55,"minecraft:oak_door":1,"minecraft:torch":1,"minecraft:acacia_log":8,"minecraft:porkchop":13,"minecraft:pointed_dripstone":2,"minecraft:redstone":86,"minecraft:netherite_pickaxe":1,"minecraft:arrow":19,"minecraft:rotten_flesh":9,"minecraft:saddle":1,"minecraft:blaze_rod":1,"minecraft:mutton":12,"minecraft:obsidian":27,"minecraft:white_wool":7,"minecraft:cobblestone":163,"minecraft:pink_petals":23,"minecraft:basalt":3,"minecraft:cooked_beef":6,"minecraft:crimson_stem":1,"minecraft:leather":12,"minecraft:flint":1,"minecraft:tuff":14,"minecraft:oak_log":19,"minecraft:nether_wart_block":15,"minecraft:dirt":38,"minecraft:bone":13,"minecraft:apple":1,"minecraft:wheat_seeds":9,"minecraft:raw_gold":18,"minecraft:iron_ingot":3,"minecraft:cooked_porkchop":4,"minecraft:gravel":5,"minecraft:spider_eye":1,"minecraft:diamond":2,"minecraft:crossbow":1,"minecraft:oak_sapling":4,"minecraft:netherrack":3,"minecraft:coal":20,"minecraft:crimson_roots":4,"minecraft:ender_pearl":1}},"DataVersion":3463}