{"stats":{"minecraft:picked_up":{"minecraft:chicken":1,"minecraft:nether_brick_fence":2,"minecraft:diamond_horse_armor":1,"minecraft:golden_sword":4,"minecraft:string":6,"minecraft:soul_soil":3,"minecraft:blackstone":23,"minecraft:gold_nugget":3,"minecraft:cobbled_deepslate":196,"minecraft:beef":4,"minecraft:ender_eye":1,"minecraft:egg":1,"minecraft:stick":2,"minecraft:raw_iron":65,"minecraft:oak_door":1,"minecraft:torch":4,"minecraft:acacia_log":8,"minecraft:porkchop":13,"minecraft:pointed_dripstone":2,"minecraft:redstone":181,"minecraft:netherite_pickaxe":1,"minecraft:arrow":24,"minecraft:rotten_flesh":14,"minecraft:nether_bricks":3,"minecraft:saddle":1,"minecraft:blaze_rod":5,"minecraft:obsidian":27,"minecraft:mutton":12,"minecraft:white_wool":7,"minecraft:cobblestone":163,"minecraft:pink_petals":23,"minecraft:cooked_beef":6,"minecraft:basalt":41,"minecraft:crimson_stem":1,"minecraft:andesite":1,"minecraft:leather":12,"minecraft:flint":1,"minecraft:tuff":14,"minecraft:oak_log":19,"minecraft:nether_wart_block":15,"minecraft:wither_skeleton_skull":1,"minecraft:lapis_lazuli":23,"minecraft:dirt":38,"minecraft:bone":23,"minecraft:acacia_planks":1,"minecraft:apple":1,"minecraft:wheat_seeds":9,"minecraft:raw_gold":24,"minecraft:iron_ingot":3,"minecraft:cooked_porkchop":4,"minecraft:gravel":5,"minecraft:spider_eye":1,"minecraft:diamond":3,"minecraft:crossbow":1,"minecraft:coal":21,"minecraft:oak_sapling":4,"minecraft:netherrack":4,"minecraft:crimson_roots":4,"minecraft:ender_pearl":1},"minecraft:broken":{"minecraft:wooden_pickaxe":1,"minecraft:stone_pickaxe":1},"minecraft:custom":{"minecraft:mob_kills":90,"minecraft:interact_with_anvil":1,"minecraft:interact_with_crafting_table":5,"minecraft:leave_game":4,"minecraft:time_since_death":206510,"minecraft:climb_one_cm":548,"minecraft:damage_resisted":500,"minecraft:sprint_one_cm":378257,"minecraft:walk_one_cm":593996,"minecraft:damage_blocked_by_shield":1380,"minecraft:drop":63,"minecraft:strider_one_cm":541662,"minecraft:play_time":266450,"minecraft:deaths":3,"minecraft:sneak_time":21208,"minecraft:walk_under_water_one_cm":34192,"minecraft:jump":2911,"minecraft:walk_on_water_one_cm":103268,"minecraft:total_world_time":266450,"minecraft:interact_with_furnace":5,"minecraft:time_since_rest":207262,"minecraft:damage_taken":2570,"minecraft:damage_absorbed":1208,"minecraft:damage_dealt":17220,"minecraft:swim_one_cm":4958,"minecraft:fly_one_cm":698273,"minecraft:open_chest":4,"minecraft:crouch_one_cm":44015,"minecraft:fall_one_cm":64196},"minecraft:used":{"minecraft:netherite_sword":604,"minecraft:stone_sword":22,"minecraft:flint_and_steel":27,"minecraft:armor_stand":1,"minecraft:shield":39,"minecraft:netherrack":3,"minecraft:torch":96,"minecraft:dirt":27,"minecraft:nether_bricks":3,"minecraft:tuff":14,"minecraft:obsidian":45,"minecraft:netherite_shovel":1,"minecraft:golden_sword":1,"minecraft:bow":6,"minecraft:soul_soil":3,"minecraft:netherite_pickaxe":588,"minecraft:cooked_beef":3,"minecraft:cobbled_deepslate":65,"minecraft:acacia_planks":93,"minecraft:enchanted_golden_apple":21,"minecraft:crimson_stem":1,"minecraft:water_bucket":40,"minecraft:warped_fungus_on_a_stick":1,"minecraft:stone_pickaxe":117,"minecraft:wooden_pickaxe":59,"minecraft:crafting_table":1,"minecraft:red_bed":18,"minecraft:ender_eye":26,"minecraft:gravel":4,"minecraft:nether_wart_block":15,"minecraft:cobblestone":91,"minecraft:potion":2,"minecraft:porkchop":2,"minecraft:cooked_porkchop":2,"minecraft:bucket":5,"minecraft:end_portal_frame":12},"minecraft:dropped":{"minecraft:water_bucket":1,"minecraft:netherite_pickaxe":7,"minecraft:wheat_seeds":1,"minecraft:ender_pearl":17,"minecraft:netherite_chestplate":1,"minecraft:netherite_axe":1,"minecraft:netherite_helmet":1,"minecraft:crossbow":1,"minecraft:warped_fungus_on_a_stick":1,"minecraft:glow_berries":1,"minecraft:leather":5,"minecraft:apple":1,"minecraft:saddle":1,"minecraft:golden_apple":64,"minecraft:diamond_horse_armor":1,"minecraft:red_bed":1,"minecraft:torch":128,"minecraft:crimson_roots":4,"minecraft:netherite_boots":1,"minecraft:potion":11,"minecraft:string":4,"minecraft:bone":3,"minecraft:blaze_rod":4,"minecraft:netherite_sword":2,"minecraft:pointed_dripstone":2,"minecraft:rotten_flesh":9,"minecraft:enchanted_golden_apple":192,"minecraft:netherite_shovel":1,"minecraft:nether_brick_fence":2,"minecraft:netherite_leggings":1,"minecraft:tipped_arrow":64,"minecraft:shield":1,"minecraft:andesite":1,"minecraft:oak_sapling":2,"minecraft:golden_sword":1,"minecraft:arrow":11},"minecraft:killed":{"minecraft:zombified_piglin":5,"minecraft:spider":5,"minecraft:skeleton":16,"minecraft:chicken":1,"minecraft:silverfish":6,"minecraft:magma_cube":1,"minecraft:piglin":4,"minecraft:hoglin":4,"minecraft:sheep":4,"minecraft:zombie":17,"minecraft:wither_skeleton":11,"minecraft:cow":2,"minecraft:enderman":2,"minecraft:blaze":10},"minecraft:mined":{"minecraft:infested_deepslate":2,"minecraft:tuff":12,"minecraft:deepslate_diamond_ore":3,"minecraft:obsidian":27,"minecraft:nether_bricks":3,"minecraft:granite":1,"minecraft:acacia_log":8,"minecraft:grass_block":7,"minecraft:crimson_roots":3,"minecraft:soul_soil":3,"minecraft:redstone_ore":2,"minecraft:iron_ore":7,"minecraft:andesite":1,"minecraft:deepslate_lapis_ore":4,"minecraft:nether_brick_fence":2,"minecraft:deepslate_iron_ore":59,"minecraft:stone":174,"minecraft:deepslate_redstone_ore":38,"minecraft:acacia_leaves":2,"minecraft:blackstone":31,"minecraft:basalt":52,"minecraft:tall_grass":20,"minecraft:cobblestone":3,"minecraft:deepslate_gold_ore":20,"minecraft:pink_petals":2,"minecraft:nether_wart_block":15,"minecraft:grass":46,"minecraft:oak_log":18,"minecraft:coal_ore":18,"minecraft:gravel":3,"minecraft:dirt":19,"minecraft:acacia_planks":1,"minecraft:netherrack":4,"minecraft:oak_leaves":6,"minecraft:deepslate":186},"minecraft:killed_by":{"minecraft:enderman":1,"minecraft:skeleton":1,"minecraft:zombie":1},"minecraft:crafted":{"minecraft:oak_planks":72,"minecraft:stone_pickaxe":1,"minecraft:cooked_beef":1,"minecraft:crafting_table":1,"minecraft:wooden_pickaxe":1,"minecraft:shield":1,"minecraft:stick":12,"minecraft:iron_ingot":9,"minecraft:stone_sword":2,"minecraft:acacia_planks":256,"minecraft:torch":32}},"DataVersion":3463}