{"stats":{"minecraft:killed":{"minecraft:zombified_piglin":10,"minecraft:spider":7,"minecraft:skeleton":23,"minecraft:chicken":1,"minecraft:silverfish":6,"minecraft:warden":1,"minecraft:magma_cube":1,"minecraft:piglin":6,"minecraft:strider":1,"minecraft:hoglin":5,"minecraft:creeper":1,"minecraft:sheep":4,"minecraft:zombie":18,"minecraft:wither_skeleton":11,"minecraft:cow":2,"minecraft:enderman":3,"minecraft:blaze":10},"minecraft:used":{"minecraft:purpur_block":1,"minecraft:netherite_sword":957,"minecraft:stone_sword":22,"minecraft:flint_and_steel":44,"minecraft:armor_stand":1,"minecraft:shield":67,"minecraft:netherrack":373,"minecraft:torch":98,"minecraft:soul_sand":6,"minecraft:dirt":51,"minecraft:nether_bricks":3,"minecraft:tuff":14,"minecraft:milk_bucket":1,"minecraft:obsidian":45,"minecraft:netherite_shovel":4,"minecraft:basalt":41,"minecraft:golden_sword":1,"minecraft:magma_block":47,"minecraft:bow":6,"minecraft:soul_soil":3,"minecraft:netherite_pickaxe":837,"minecraft:cooked_beef":3,"minecraft:cobbled_deepslate":132,"minecraft:acacia_planks":113,"minecraft:enchanted_golden_apple":50,"minecraft:crimson_stem":1,"minecraft:water_bucket":45,"minecraft:warped_fungus_on_a_stick":1,"minecraft:stone_pickaxe":117,"minecraft:ender_pearl":2,"minecraft:blackstone":36,"minecraft:wooden_pickaxe":59,"minecraft:tnt":31,"minecraft:crafting_table":1,"minecraft:red_bed":18,"minecraft:crossbow":4,"minecraft:ender_eye":26,"minecraft:gravel":4,"minecraft:nether_wart_block":15,"minecraft:cobblestone":109,"minecraft:potion":2,"minecraft:porkchop":2,"minecraft:cooked_porkchop":2,"minecraft:bucket":10,"minecraft:end_portal_frame":12,"minecraft:splash_potion":68,"minecraft:sculk_catalyst":1},"minecraft:custom":{"minecraft:interact_with_anvil":1,"minecraft:mob_kills":115,"minecraft:interact_with_crafting_table":5,"minecraft:open_shulker_box":1,"minecraft:leave_game":6,"minecraft:time_since_death":163106,"minecraft:damage_resisted":1423,"minecraft:climb_one_cm":5491,"minecraft:sprint_one_cm":599935,"minecraft:walk_one_cm":903607,"minecraft:damage_blocked_by_shield":2355,"minecraft:drop":80,"minecraft:strider_one_cm":541662,"minecraft:play_time":432151,"minecraft:deaths":4,"minecraft:sneak_time":45669,"minecraft:walk_under_water_one_cm":72328,"minecraft:jump":4767,"minecraft:walk_on_water_one_cm":159448,"minecraft:total_world_time":432151,"minecraft:interact_with_furnace":5,"minecraft:time_since_rest":163144,"minecraft:damage_taken":5147,"minecraft:damage_absorbed":3644,"minecraft:damage_dealt":27535,"minecraft:swim_one_cm":56585,"minecraft:fly_one_cm":1129701,"minecraft:open_chest":9,"minecraft:crouch_one_cm":116499,"minecraft:aviate_one_cm":77357,"minecraft:fall_one_cm":112801},"minecraft:crafted":{"minecraft:oak_planks":72,"minecraft:stone_pickaxe":1,"minecraft:cooked_beef":1,"minecraft:crafting_table":1,"minecraft:wooden_pickaxe":1,"minecraft:shield":1,"minecraft:stick":12,"minecraft:iron_ingot":9,"minecraft:stone_sword":2,"minecraft:acacia_planks":256,"minecraft:torch":32},"minecraft:broken":{"minecraft:wooden_pickaxe":1,"minecraft:stone_pickaxe":1},"minecraft:killed_by":{"minecraft:enderman":1,"minecraft:skeleton":1,"minecraft:zombie":1},"minecraft:picked_up":{"minecraft:chicken":1,"minecraft:nether_brick_fence":2,"minecraft:diamond_horse_armor":1,"minecraft:dragon_head":1,"minecraft:purpur_block":1,"minecraft:shield":1,"minecraft:golden_sword":6,"minecraft:string":8,"minecraft:soul_soil":7,"minecraft:blackstone":59,"minecraft:gold_nugget":4,"minecraft:cobbled_deepslate":260,"minecraft:netherite_sword":1,"minecraft:beef":4,"minecraft:ender_eye":1,"minecraft:enchanted_golden_apple":117,"minecraft:egg":1,"minecraft:stick":2,"minecraft:raw_iron":95,"minecraft:end_stone":5,"minecraft:oak_door":1,"minecraft:torch":83,"minecraft:acacia_log":8,"minecraft:porkchop":16,"minecraft:netherite_shovel":1,"minecraft:pointed_dripstone":2,"minecraft:diorite":2,"minecraft:redstone":276,"minecraft:netherite_pickaxe":3,"minecraft:arrow":41,"minecraft:rotten_flesh":18,"minecraft:nether_bricks":3,"minecraft:deepslate_bricks":1,"minecraft:purpur_slab":1,"minecraft:cracked_deepslate_bricks":1,"minecraft:saddle":2,"minecraft:blaze_rod":6,"minecraft:obsidian":27,"minecraft:mutton":12,"minecraft:white_wool":7,"minecraft:cobblestone":181,"minecraft:magma_block":47,"minecraft:pink_petals":23,"minecraft:netherite_boots":1,"minecraft:cooked_beef":6,"minecraft:basalt":82,"minecraft:warped_fungus_on_a_stick":1,"minecraft:crimson_stem":1,"minecraft:water_bucket":1,"minecraft:andesite":1,"minecraft:leather":12,"minecraft:flint":2,"minecraft:tuff":14,"minecraft:oak_log":19,"minecraft:nether_wart_block":15,"minecraft:wither_skeleton_skull":2,"minecraft:deepslate_tile_slab":1,"minecraft:lapis_lazuli":46,"minecraft:dirt":68,"minecraft:bone":50,"minecraft:acacia_planks":124,"minecraft:apple":1,"minecraft:wheat_seeds":11,"minecraft:raw_gold":30,"minecraft:iron_ingot":3,"minecraft:soul_sand":14,"minecraft:sculk_catalyst":4,"minecraft:milk_bucket":1,"minecraft:cooked_porkchop":4,"minecraft:quartz":10,"minecraft:gravel":5,"minecraft:spider_eye":1,"minecraft:deepslate":1,"minecraft:diamond":4,"minecraft:netherite_helmet":1,"minecraft:crossbow":3,"minecraft:oak_sapling":4,"minecraft:netherrack":373,"minecraft:coal":24,"minecraft:crimson_roots":7,"minecraft:ender_pearl":8},"minecraft:dropped":{"minecraft:water_bucket":1,"minecraft:netherite_pickaxe":8,"minecraft:soul_sand":1,"minecraft:wheat_seeds":3,"minecraft:ender_pearl":17,"minecraft:netherite_chestplate":1,"minecraft:netherite_axe":1,"minecraft:netherite_helmet":1,"minecraft:crossbow":2,"minecraft:warped_fungus_on_a_stick":1,"minecraft:glow_berries":1,"minecraft:leather":5,"minecraft:apple":1,"minecraft:saddle":1,"minecraft:deepslate_tile_slab":1,"minecraft:golden_apple":64,"minecraft:diamond_horse_armor":1,"minecraft:dirt":1,"minecraft:red_bed":1,"minecraft:torch":128,"minecraft:crimson_roots":7,"minecraft:netherite_boots":1,"minecraft:potion":11,"minecraft:string":6,"minecraft:bucket":1,"minecraft:bone":24,"minecraft:soul_soil":4,"minecraft:blaze_rod":4,"minecraft:netherite_sword":2,"minecraft:pointed_dripstone":2,"minecraft:rotten_flesh":9,"minecraft:enchanted_golden_apple":195,"minecraft:netherite_shovel":1,"minecraft:nether_brick_fence":2,"minecraft:netherite_leggings":1,"minecraft:tipped_arrow":64,"minecraft:shield":1,"minecraft:andesite":1,"minecraft:oak_sapling":2,"minecraft:golden_sword":2,"minecraft:arrow":24},"minecraft:mined":{"minecraft:infested_deepslate":2,"minecraft:tuff":12,"minecraft:deepslate_diamond_ore":3,"minecraft:sculk_vein":1,"minecraft:end_stone":4,"minecraft:obsidian":29,"minecraft:nether_bricks":3,"minecraft:granite":1,"minecraft:acacia_log":8,"minecraft:grass_block":29,"minecraft:crimson_roots":6,"minecraft:deepslate_bricks":3,"minecraft:soul_soil":6,"minecraft:deepslate_tile_stairs":1,"minecraft:purpur_slab":1,"minecraft:magma_block":41,"minecraft:redstone_ore":2,"minecraft:iron_ore":18,"minecraft:fire":6,"minecraft:andesite":1,"minecraft:deepslate_lapis_ore":4,"minecraft:nether_brick_fence":2,"minecraft:sculk_shrieker":10,"minecraft:deepslate_iron_ore":59,"minecraft:stone":189,"minecraft:tripwire":1,"minecraft:deepslate_redstone_ore":38,"minecraft:acacia_leaves":2,"minecraft:blackstone":33,"minecraft:soul_sand":14,"minecraft:deepslate_tile_slab":1,"minecraft:soul_fire":1,"minecraft:basalt":52,"minecraft:dandelion":1,"minecraft:sculk_sensor":5,"minecraft:tall_grass":24,"minecraft:cobblestone":10,"minecraft:deepslate_gold_ore":20,"minecraft:cracked_deepslate_bricks":1,"minecraft:sculk":9,"minecraft:wall_torch":1,"minecraft:pink_petals":2,"minecraft:nether_wart_block":15,"minecraft:purpur_block":1,"minecraft:grass":62,"minecraft:oak_log":18,"minecraft:coal_ore":18,"minecraft:gravel":6,"minecraft:dirt":28,"minecraft:acacia_planks":1,"minecraft:netherrack":104,"minecraft:ancient_debris":1,"minecraft:oak_leaves":6,"minecraft:deepslate":190}},"DataVersion":3463}