{"stats":{"minecraft:mined":{"minecraft:dead_bush":1},"minecraft:killed":{"minecraft:spider":1},"minecraft:killed_by":{"minecraft:husk":1},"minecraft:picked_up":{"minecraft:stick":2,"minecraft:spider_eye":1,"minecraft:string":2},"minecraft:custom":{"minecraft:jump":44,"minecraft:damage_taken":260,"minecraft:time_since_rest":5887,"minecraft:leave_game":1,"minecraft:time_since_death":5816,"minecraft:play_time":8302,"minecraft:crouch_one_cm":823,"minecraft:walk_one_cm":7939,"minecraft:sprint_one_cm":1165,"minecraft:walk_on_water_one_cm":674,"minecraft:deaths":1,"minecraft:sneak_time":367,"minecraft:total_world_time":8302,"minecraft:mob_kills":1,"minecraft:fall_one_cm":418,"minecraft:fly_one_cm":5249,"minecraft:damage_dealt":330}},"DataVersion":3465}