{"stats":{"minecraft:killed":{"minecraft:zombie":1,"minecraft:chicken":1},"minecraft:custom":{"minecraft:damage_dealt":77,"minecraft:time_since_rest":7690,"minecraft:damage_taken":260,"minecraft:leave_game":3,"minecraft:time_since_death":6842,"minecraft:play_time":15958,"minecraft:sprint_one_cm":10654,"minecraft:walk_one_cm":13558,"minecraft:walk_on_water_one_cm":530,"minecraft:deaths":1,"minecraft:total_world_time":15958,"minecraft:mob_kills":2,"minecraft:fall_one_cm":2585,"minecraft:fly_one_cm":25203,"minecraft:jump":112},"minecraft:picked_up":{"minecraft:chicken":1,"minecraft:wheat_seeds":1,"minecraft:dirt":3},"minecraft:killed_by":{"minecraft:zombie":1},"minecraft:mined":{"minecraft:grass":7,"minecraft:grass_block":2,"minecraft:dirt":1}},"DataVersion":3463}