{"stats":{"minecraft:killed":{"minecraft:piglin":4,"minecraft:spider":3,"minecraft:hoglin":4,"minecraft:sheep":4,"minecraft:skeleton":9,"minecraft:zombie":8,"minecraft:chicken":1,"minecraft:silverfish":6,"minecraft:cow":2,"minecraft:enderman":2},"minecraft:used":{"minecraft:water_bucket":35,"minecraft:netherite_sword":271,"minecraft:stone_sword":22,"minecraft:flint_and_steel":27,"minecraft:stone_pickaxe":117,"minecraft:shield":18,"minecraft:wooden_pickaxe":59,"minecraft:netherrack":3,"minecraft:torch":41,"minecraft:dirt":27,"minecraft:red_bed":18,"minecraft:crafting_table":1,"minecraft:tuff":14,"minecraft:obsidian":45,"minecraft:ender_eye":26,"minecraft:bow":6,"minecraft:golden_sword":1,"minecraft:nether_wart_block":13,"minecraft:cobblestone":91,"minecraft:potion":2,"minecraft:soul_soil":3,"minecraft:cooked_porkchop":1,"minecraft:porkchop":2,"minecraft:end_portal_frame":12,"minecraft:netherite_pickaxe":297,"minecraft:enchanted_golden_apple":9,"minecraft:cooked_beef":3,"minecraft:cobbled_deepslate":44,"minecraft:crimson_stem":1},"minecraft:custom":{"minecraft:interact_with_furnace":5,"minecraft:interact_with_anvil":1,"minecraft:mob_kills":44,"minecraft:interact_with_crafting_table":5,"minecraft:leave_game":3,"minecraft:time_since_death":103913,"minecraft:climb_one_cm":548,"minecraft:damage_resisted":201,"minecraft:time_since_rest":104665,"minecraft:sprint_one_cm":195934,"minecraft:damage_absorbed":499,"minecraft:damage_taken":1796,"minecraft:walk_one_cm":341002,"minecraft:damage_blocked_by_shield":560,"minecraft:drop":49,"minecraft:damage_dealt":8638,"minecraft:swim_one_cm":3471,"minecraft:fly_one_cm":511416,"minecraft:crouch_one_cm":30002,"minecraft:play_time":163853,"minecraft:deaths":3,"minecraft:sneak_time":16292,"minecraft:walk_under_water_one_cm":30171,"minecraft:jump":1795,"minecraft:walk_on_water_one_cm":80754,"minecraft:total_world_time":163853,"minecraft:fall_one_cm":43057},"minecraft:crafted":{"minecraft:cooked_beef":1,"minecraft:oak_planks":72,"minecraft:crafting_table":1,"minecraft:wooden_pickaxe":1,"minecraft:shield":1,"minecraft:stick":12,"minecraft:iron_ingot":9,"minecraft:stone_pickaxe":1,"minecraft:stone_sword":2,"minecraft:torch":32},"minecraft:broken":{"minecraft:stone_pickaxe":1,"minecraft:wooden_pickaxe":1},"minecraft:killed_by":{"minecraft:skeleton":1,"minecraft:zombie":1,"minecraft:enderman":1},"minecraft:picked_up":{"minecraft:pink_petals":23,"minecraft:cooked_beef":6,"minecraft:chicken":1,"minecraft:crimson_stem":1,"minecraft:leather":12,"minecraft:diamond_horse_armor":1,"minecraft:tuff":14,"minecraft:oak_log":19,"minecraft:golden_sword":2,"minecraft:nether_wart_block":13,"minecraft:string":4,"minecraft:dirt":38,"minecraft:soul_soil":3,"minecraft:bone":7,"minecraft:apple":1,"minecraft:wheat_seeds":6,"minecraft:cobbled_deepslate":66,"minecraft:raw_gold":18,"minecraft:beef":4,"minecraft:iron_ingot":3,"minecraft:ender_eye":1,"minecraft:raw_iron":55,"minecraft:stick":2,"minecraft:oak_door":1,"minecraft:cooked_porkchop":4,"minecraft:acacia_log":8,"minecraft:torch":1,"minecraft:gravel":1,"minecraft:porkchop":13,"minecraft:pointed_dripstone":2,"minecraft:redstone":86,"minecraft:arrow":16,"minecraft:rotten_flesh":5,"minecraft:diamond":2,"minecraft:saddle":1,"minecraft:crossbow":1,"minecraft:white_wool":7,"minecraft:mutton":12,"minecraft:netherrack":3,"minecraft:obsidian":27,"minecraft:oak_sapling":4,"minecraft:coal":20,"minecraft:crimson_roots":4,"minecraft:cobblestone":163,"minecraft:ender_pearl":1},"minecraft:dropped":{"minecraft:water_bucket":1,"minecraft:netherite_pickaxe":4,"minecraft:wheat_seeds":1,"minecraft:ender_pearl":17,"minecraft:netherite_sword":1,"minecraft:pointed_dripstone":2,"minecraft:netherite_helmet":1,"minecraft:netherite_chestplate":1,"minecraft:crossbow":1,"minecraft:rotten_flesh":4,"minecraft:glow_berries":1,"minecraft:apple":1,"minecraft:enchanted_golden_apple":64,"minecraft:leather":5,"minecraft:netherite_shovel":1,"minecraft:saddle":1,"minecraft:golden_apple":64,"minecraft:netherite_leggings":1,"minecraft:red_bed":1,"minecraft:diamond_horse_armor":1,"minecraft:tipped_arrow":64,"minecraft:torch":128,"minecraft:crimson_roots":4,"minecraft:oak_sapling":2,"minecraft:netherite_boots":1,"minecraft:golden_sword":1,"minecraft:potion":11,"minecraft:arrow":10,"minecraft:bone":3,"minecraft:string":4},"minecraft:mined":{"minecraft:infested_deepslate":2,"minecraft:deepslate_redstone_ore":19,"minecraft:acacia_leaves":2,"minecraft:tuff":12,"minecraft:deepslate_diamond_ore":2,"minecraft:obsidian":27,"minecraft:acacia_log":8,"minecraft:grass_block":7,"minecraft:crimson_roots":3,"minecraft:soul_soil":3,"minecraft:cobblestone":3,"minecraft:deepslate_gold_ore":16,"minecraft:pink_petals":2,"minecraft:nether_wart_block":13,"minecraft:iron_ore":4,"minecraft:grass":28,"minecraft:coal_ore":18,"minecraft:oak_log":18,"minecraft:deepslate_iron_ore":52,"minecraft:dirt":19,"minecraft:netherrack":2,"minecraft:stone":174,"minecraft:oak_leaves":6,"minecraft:deepslate":70}},"DataVersion":3463}