{"stats":{"minecraft:used":{"minecraft:stone_pickaxe":20,"minecraft:wooden_pickaxe":59,"minecraft:torch":11,"minecraft:cobblestone":43,"minecraft:crafting_table":1,"minecraft:cooked_beef":1},"minecraft:killed":{"minecraft:zombie":2,"minecraft:chicken":1,"minecraft:cow":1},"minecraft:crafted":{"minecraft:cooked_beef":1,"minecraft:oak_planks":72,"minecraft:crafting_table":1,"minecraft:stick":12,"minecraft:wooden_pickaxe":1,"minecraft:stone_pickaxe":1,"minecraft:stone_sword":1,"minecraft:torch":32},"minecraft:custom":{"minecraft:time_since_rest":29585,"minecraft:interact_with_furnace":2,"minecraft:sprint_one_cm":34402,"minecraft:damage_taken":300,"minecraft:walk_one_cm":57530,"minecraft:mob_kills":4,"minecraft:drop":1,"minecraft:damage_dealt":311,"minecraft:interact_with_crafting_table":2,"minecraft:fly_one_cm":50467,"minecraft:crouch_one_cm":4322,"minecraft:play_time":37853,"minecraft:deaths":1,"minecraft:sneak_time":2828,"minecraft:jump":325,"minecraft:leave_game":3,"minecraft:time_since_death":28737,"minecraft:walk_on_water_one_cm":530,"minecraft:total_world_time":37853,"minecraft:fall_one_cm":6294},"minecraft:broken":{"minecraft:wooden_pickaxe":1},"minecraft:killed_by":{"minecraft:zombie":1},"minecraft:picked_up":{"minecraft:stick":2,"minecraft:chicken":1,"minecraft:leather":5,"minecraft:oak_log":19,"minecraft:dirt":5,"minecraft:rotten_flesh":1,"minecraft:wheat_seeds":3,"minecraft:beef":3,"minecraft:oak_sapling":2,"minecraft:coal":8,"minecraft:cobblestone":66},"minecraft:dropped":{"minecraft:rotten_flesh":1},"minecraft:mined":{"minecraft:grass":11,"minecraft:grass_block":4,"minecraft:oak_log":18,"minecraft:coal_ore":6,"minecraft:dirt":2,"minecraft:cobblestone":2,"minecraft:stone":68,"minecraft:oak_leaves":6}},"DataVersion":3463}