{"stats":{"minecraft:used":{"minecraft:stone_sword":22,"minecraft:stone_pickaxe":117,"minecraft:wooden_pickaxe":59,"minecraft:torch":28,"minecraft:dirt":11,"minecraft:cobblestone":91,"minecraft:crafting_table":1,"minecraft:cooked_beef":3,"minecraft:cobbled_deepslate":4},"minecraft:killed":{"minecraft:skeleton":1,"minecraft:zombie":5,"minecraft:chicken":1,"minecraft:cow":1},"minecraft:crafted":{"minecraft:cooked_beef":1,"minecraft:oak_planks":72,"minecraft:shield":1,"minecraft:crafting_table":1,"minecraft:stick":12,"minecraft:iron_ingot":9,"minecraft:wooden_pickaxe":1,"minecraft:stone_pickaxe":1,"minecraft:stone_sword":2,"minecraft:torch":32},"minecraft:custom":{"minecraft:time_since_rest":2665,"minecraft:interact_with_furnace":5,"minecraft:sprint_one_cm":71864,"minecraft:damage_taken":905,"minecraft:walk_one_cm":108140,"minecraft:mob_kills":8,"minecraft:drop":2,"minecraft:damage_dealt":1044,"minecraft:interact_with_crafting_table":5,"minecraft:fly_one_cm":137084,"minecraft:crouch_one_cm":18346,"minecraft:play_time":61853,"minecraft:deaths":3,"minecraft:sneak_time":9188,"minecraft:walk_under_water_one_cm":8937,"minecraft:jump":616,"minecraft:leave_game":3,"minecraft:time_since_death":2621,"minecraft:walk_on_water_one_cm":13114,"minecraft:total_world_time":61853,"minecraft:fall_one_cm":12339},"minecraft:broken":{"minecraft:stone_pickaxe":1,"minecraft:wooden_pickaxe":1},"minecraft:killed_by":{"minecraft:skeleton":1,"minecraft:zombie":1,"minecraft:enderman":1},"minecraft:picked_up":{"minecraft:stick":2,"minecraft:raw_iron":4,"minecraft:cooked_beef":6,"minecraft:chicken":1,"minecraft:leather":5,"minecraft:torch":1,"minecraft:oak_log":19,"minecraft:dirt":17,"minecraft:bone":2,"minecraft:rotten_flesh":3,"minecraft:wheat_seeds":3,"minecraft:cobbled_deepslate":21,"minecraft:iron_ingot":3,"minecraft:beef":3,"minecraft:oak_sapling":2,"minecraft:coal":8,"minecraft:cobblestone":96},"minecraft:dropped":{"minecraft:rotten_flesh":2},"minecraft:mined":{"minecraft:iron_ore":4,"minecraft:grass":11,"minecraft:grass_block":4,"minecraft:oak_log":18,"minecraft:coal_ore":6,"minecraft:dirt":15,"minecraft:cobblestone":3,"minecraft:stone":107,"minecraft:deepslate":27,"minecraft:oak_leaves":6}},"DataVersion":3463}