{"stats":{"minecraft:killed":{"minecraft:piglin":1,"minecraft:spider":2,"minecraft:hoglin":4,"minecraft:skeleton":7,"minecraft:zombie":7,"minecraft:chicken":1,"minecraft:silverfish":6,"minecraft:cow":1,"minecraft:enderman":1},"minecraft:used":{"minecraft:netherite_sword":139,"minecraft:stone_sword":22,"minecraft:flint_and_steel":2,"minecraft:stone_pickaxe":117,"minecraft:shield":9,"minecraft:wooden_pickaxe":59,"minecraft:netherrack":3,"minecraft:torch":30,"minecraft:dirt":11,"minecraft:crafting_table":1,"minecraft:tuff":14,"minecraft:obsidian":12,"minecraft:nether_wart_block":13,"minecraft:cobblestone":91,"minecraft:potion":2,"minecraft:soul_soil":3,"minecraft:netherite_pickaxe":192,"minecraft:enchanted_golden_apple":4,"minecraft:cooked_beef":3,"minecraft:cobbled_deepslate":44,"minecraft:crimson_stem":1},"minecraft:custom":{"minecraft:interact_with_furnace":5,"minecraft:mob_kills":31,"minecraft:interact_with_crafting_table":5,"minecraft:leave_game":3,"minecraft:time_since_death":50621,"minecraft:climb_one_cm":548,"minecraft:damage_resisted":66,"minecraft:time_since_rest":50665,"minecraft:sprint_one_cm":122356,"minecraft:damage_absorbed":156,"minecraft:damage_taken":1236,"minecraft:walk_one_cm":221713,"minecraft:damage_blocked_by_shield":260,"minecraft:drop":31,"minecraft:damage_dealt":5891,"minecraft:fly_one_cm":244796,"minecraft:crouch_one_cm":25215,"minecraft:play_time":109853,"minecraft:deaths":3,"minecraft:sneak_time":14031,"minecraft:walk_under_water_one_cm":11111,"minecraft:jump":1185,"minecraft:walk_on_water_one_cm":29474,"minecraft:total_world_time":109853,"minecraft:fall_one_cm":25269},"minecraft:crafted":{"minecraft:cooked_beef":1,"minecraft:oak_planks":72,"minecraft:crafting_table":1,"minecraft:wooden_pickaxe":1,"minecraft:shield":1,"minecraft:stick":12,"minecraft:iron_ingot":9,"minecraft:stone_pickaxe":1,"minecraft:stone_sword":2,"minecraft:torch":32},"minecraft:broken":{"minecraft:stone_pickaxe":1,"minecraft:wooden_pickaxe":1},"minecraft:killed_by":{"minecraft:skeleton":1,"minecraft:zombie":1,"minecraft:enderman":1},"minecraft:picked_up":{"minecraft:cooked_beef":6,"minecraft:chicken":1,"minecraft:crimson_stem":1,"minecraft:leather":7,"minecraft:tuff":14,"minecraft:oak_log":19,"minecraft:nether_wart_block":13,"minecraft:string":2,"minecraft:dirt":17,"minecraft:soul_soil":3,"minecraft:bone":7,"minecraft:wheat_seeds":3,"minecraft:cobbled_deepslate":61,"minecraft:raw_gold":16,"minecraft:beef":3,"minecraft:iron_ingot":3,"minecraft:raw_iron":55,"minecraft:stick":2,"minecraft:torch":1,"minecraft:gravel":1,"minecraft:porkchop":10,"minecraft:pointed_dripstone":2,"minecraft:redstone":61,"minecraft:arrow":8,"minecraft:rotten_flesh":5,"minecraft:diamond":2,"minecraft:netherrack":3,"minecraft:obsidian":12,"minecraft:oak_sapling":4,"minecraft:coal":8,"minecraft:crimson_roots":4,"minecraft:cobblestone":96,"minecraft:ender_pearl":1},"minecraft:dropped":{"minecraft:water_bucket":1,"minecraft:netherite_pickaxe":4,"minecraft:ender_pearl":17,"minecraft:netherite_sword":1,"minecraft:netherite_helmet":1,"minecraft:netherite_chestplate":1,"minecraft:rotten_flesh":2,"minecraft:glow_berries":1,"minecraft:enchanted_golden_apple":64,"minecraft:netherite_shovel":1,"minecraft:golden_apple":64,"minecraft:netherite_leggings":1,"minecraft:torch":128,"minecraft:netherite_boots":1,"minecraft:potion":11},"minecraft:mined":{"minecraft:infested_deepslate":1,"minecraft:deepslate_redstone_ore":14,"minecraft:tuff":12,"minecraft:deepslate_diamond_ore":2,"minecraft:obsidian":10,"minecraft:grass_block":4,"minecraft:crimson_roots":3,"minecraft:soul_soil":3,"minecraft:cobblestone":3,"minecraft:deepslate_gold_ore":16,"minecraft:nether_wart_block":13,"minecraft:iron_ore":4,"minecraft:grass":11,"minecraft:coal_ore":6,"minecraft:oak_log":18,"minecraft:deepslate_iron_ore":52,"minecraft:dirt":15,"minecraft:netherrack":2,"minecraft:stone":107,"minecraft:oak_leaves":6,"minecraft:deepslate":67}},"DataVersion":3463}