{"stats":{"minecraft:killed":{"minecraft:piglin":4,"minecraft:spider":3,"minecraft:hoglin":4,"minecraft:skeleton":7,"minecraft:zombie":7,"minecraft:chicken":1,"minecraft:silverfish":6,"minecraft:cow":1,"minecraft:enderman":1},"minecraft:used":{"minecraft:netherite_sword":165,"minecraft:stone_sword":22,"minecraft:flint_and_steel":2,"minecraft:stone_pickaxe":117,"minecraft:shield":18,"minecraft:wooden_pickaxe":59,"minecraft:netherrack":3,"minecraft:torch":34,"minecraft:dirt":11,"minecraft:crafting_table":1,"minecraft:tuff":14,"minecraft:obsidian":12,"minecraft:golden_sword":1,"minecraft:nether_wart_block":13,"minecraft:cobblestone":91,"minecraft:potion":2,"minecraft:soul_soil":3,"minecraft:netherite_pickaxe":218,"minecraft:enchanted_golden_apple":6,"minecraft:cooked_beef":3,"minecraft:cobbled_deepslate":44,"minecraft:crimson_stem":1},"minecraft:custom":{"minecraft:interact_with_furnace":5,"minecraft:mob_kills":35,"minecraft:interact_with_crafting_table":5,"minecraft:leave_game":3,"minecraft:time_since_death":62621,"minecraft:climb_one_cm":548,"minecraft:damage_resisted":92,"minecraft:time_since_rest":62665,"minecraft:sprint_one_cm":132135,"minecraft:damage_absorbed":187,"minecraft:damage_taken":1405,"minecraft:walk_one_cm":242676,"minecraft:damage_blocked_by_shield":560,"minecraft:drop":31,"minecraft:damage_dealt":6592,"minecraft:fly_one_cm":291854,"minecraft:crouch_one_cm":25935,"minecraft:play_time":121853,"minecraft:deaths":3,"minecraft:sneak_time":14530,"minecraft:walk_under_water_one_cm":12025,"minecraft:jump":1331,"minecraft:walk_on_water_one_cm":55378,"minecraft:total_world_time":121853,"minecraft:fall_one_cm":29360},"minecraft:crafted":{"minecraft:cooked_beef":1,"minecraft:oak_planks":72,"minecraft:crafting_table":1,"minecraft:wooden_pickaxe":1,"minecraft:shield":1,"minecraft:stick":12,"minecraft:iron_ingot":9,"minecraft:stone_pickaxe":1,"minecraft:stone_sword":2,"minecraft:torch":32},"minecraft:broken":{"minecraft:stone_pickaxe":1,"minecraft:wooden_pickaxe":1},"minecraft:killed_by":{"minecraft:skeleton":1,"minecraft:zombie":1,"minecraft:enderman":1},"minecraft:picked_up":{"minecraft:cooked_beef":6,"minecraft:chicken":1,"minecraft:crimson_stem":1,"minecraft:leather":8,"minecraft:tuff":14,"minecraft:oak_log":19,"minecraft:golden_sword":1,"minecraft:nether_wart_block":13,"minecraft:string":4,"minecraft:dirt":17,"minecraft:soul_soil":3,"minecraft:bone":7,"minecraft:wheat_seeds":3,"minecraft:cobbled_deepslate":66,"minecraft:raw_gold":18,"minecraft:beef":3,"minecraft:iron_ingot":3,"minecraft:raw_iron":55,"minecraft:stick":2,"minecraft:torch":1,"minecraft:gravel":1,"minecraft:porkchop":13,"minecraft:pointed_dripstone":2,"minecraft:redstone":86,"minecraft:arrow":8,"minecraft:rotten_flesh":5,"minecraft:diamond":2,"minecraft:crossbow":1,"minecraft:netherrack":3,"minecraft:obsidian":27,"minecraft:oak_sapling":4,"minecraft:coal":8,"minecraft:crimson_roots":4,"minecraft:cobblestone":96,"minecraft:ender_pearl":1},"minecraft:dropped":{"minecraft:water_bucket":1,"minecraft:netherite_pickaxe":4,"minecraft:ender_pearl":17,"minecraft:netherite_sword":1,"minecraft:netherite_helmet":1,"minecraft:netherite_chestplate":1,"minecraft:rotten_flesh":2,"minecraft:glow_berries":1,"minecraft:enchanted_golden_apple":64,"minecraft:netherite_shovel":1,"minecraft:golden_apple":64,"minecraft:netherite_leggings":1,"minecraft:torch":128,"minecraft:netherite_boots":1,"minecraft:potion":11},"minecraft:mined":{"minecraft:infested_deepslate":2,"minecraft:deepslate_redstone_ore":19,"minecraft:tuff":12,"minecraft:deepslate_diamond_ore":2,"minecraft:obsidian":27,"minecraft:grass_block":4,"minecraft:crimson_roots":3,"minecraft:soul_soil":3,"minecraft:cobblestone":3,"minecraft:deepslate_gold_ore":16,"minecraft:nether_wart_block":13,"minecraft:iron_ore":4,"minecraft:grass":11,"minecraft:coal_ore":6,"minecraft:oak_log":18,"minecraft:deepslate_iron_ore":52,"minecraft:dirt":15,"minecraft:netherrack":2,"minecraft:stone":107,"minecraft:oak_leaves":6,"minecraft:deepslate":70}},"DataVersion":3463}