{"stats":{"minecraft:dropped":{"minecraft:water_bucket":1,"minecraft:netherite_pickaxe":5,"minecraft:wheat_seeds":1,"minecraft:ender_pearl":17,"minecraft:netherite_sword":1,"minecraft:pointed_dripstone":2,"minecraft:netherite_helmet":1,"minecraft:netherite_chestplate":1,"minecraft:crossbow":1,"minecraft:rotten_flesh":4,"minecraft:glow_berries":1,"minecraft:enchanted_golden_apple":64,"minecraft:leather":5,"minecraft:netherite_shovel":1,"minecraft:apple":1,"minecraft:saddle":1,"minecraft:golden_apple":64,"minecraft:netherite_leggings":1,"minecraft:diamond_horse_armor":1,"minecraft:red_bed":1,"minecraft:tipped_arrow":64,"minecraft:torch":128,"minecraft:crimson_roots":4,"minecraft:netherite_boots":1,"minecraft:oak_sapling":2,"minecraft:golden_sword":1,"minecraft:potion":11,"minecraft:arrow":10,"minecraft:string":4,"minecraft:bone":3},"minecraft:crafted":{"minecraft:cooked_beef":1,"minecraft:oak_planks":72,"minecraft:crafting_table":1,"minecraft:wooden_pickaxe":1,"minecraft:shield":1,"minecraft:stick":12,"minecraft:iron_ingot":9,"minecraft:stone_pickaxe":1,"minecraft:stone_sword":2,"minecraft:torch":32},"minecraft:custom":{"minecraft:interact_with_furnace":5,"minecraft:interact_with_anvil":1,"minecraft:mob_kills":48,"minecraft:interact_with_crafting_table":5,"minecraft:leave_game":4,"minecraft:time_since_death":116192,"minecraft:climb_one_cm":548,"minecraft:damage_resisted":201,"minecraft:time_since_rest":116944,"minecraft:damage_absorbed":499,"minecraft:damage_taken":1826,"minecraft:sprint_one_cm":198580,"minecraft:damage_blocked_by_shield":560,"minecraft:walk_one_cm":352019,"minecraft:drop":50,"minecraft:damage_dealt":9442,"minecraft:swim_one_cm":3471,"minecraft:fly_one_cm":512758,"minecraft:crouch_one_cm":31114,"minecraft:play_time":176132,"minecraft:deaths":3,"minecraft:sneak_time":16759,"minecraft:walk_under_water_one_cm":30171,"minecraft:jump":1814,"minecraft:walk_on_water_one_cm":80754,"minecraft:fall_one_cm":43266,"minecraft:total_world_time":176132},"minecraft:killed_by":{"minecraft:skeleton":1,"minecraft:zombie":1,"minecraft:enderman":1},"minecraft:mined":{"minecraft:infested_deepslate":2,"minecraft:deepslate_redstone_ore":19,"minecraft:tuff":12,"minecraft:acacia_leaves":2,"minecraft:deepslate_diamond_ore":2,"minecraft:obsidian":27,"minecraft:acacia_log":8,"minecraft:grass_block":7,"minecraft:crimson_roots":3,"minecraft:soul_soil":3,"minecraft:tall_grass":20,"minecraft:cobblestone":3,"minecraft:deepslate_gold_ore":16,"minecraft:pink_petals":2,"minecraft:nether_wart_block":13,"minecraft:iron_ore":4,"minecraft:grass":44,"minecraft:coal_ore":18,"minecraft:oak_log":18,"minecraft:deepslate_iron_ore":52,"minecraft:dirt":19,"minecraft:stone":174,"minecraft:netherrack":2,"minecraft:oak_leaves":6,"minecraft:deepslate":70},"minecraft:used":{"minecraft:netherite_sword":306,"minecraft:water_bucket":35,"minecraft:stone_sword":22,"minecraft:flint_and_steel":27,"minecraft:armor_stand":1,"minecraft:stone_pickaxe":117,"minecraft:wooden_pickaxe":59,"minecraft:shield":18,"minecraft:netherrack":3,"minecraft:torch":41,"minecraft:dirt":27,"minecraft:red_bed":18,"minecraft:crafting_table":1,"minecraft:tuff":14,"minecraft:obsidian":45,"minecraft:ender_eye":26,"minecraft:cobblestone":91,"minecraft:nether_wart_block":13,"minecraft:golden_sword":1,"minecraft:potion":2,"minecraft:bow":6,"minecraft:soul_soil":3,"minecraft:porkchop":2,"minecraft:cooked_porkchop":1,"minecraft:cooked_beef":3,"minecraft:end_portal_frame":12,"minecraft:netherite_pickaxe":329,"minecraft:crimson_stem":1,"minecraft:enchanted_golden_apple":10,"minecraft:cobbled_deepslate":44},"minecraft:killed":{"minecraft:piglin":4,"minecraft:spider":3,"minecraft:hoglin":4,"minecraft:sheep":4,"minecraft:skeleton":9,"minecraft:zombie":12,"minecraft:chicken":1,"minecraft:silverfish":6,"minecraft:enderman":2,"minecraft:cow":2},"minecraft:broken":{"minecraft:stone_pickaxe":1,"minecraft:wooden_pickaxe":1},"minecraft:picked_up":{"minecraft:pink_petals":23,"minecraft:cooked_beef":6,"minecraft:chicken":1,"minecraft:crimson_stem":1,"minecraft:leather":12,"minecraft:diamond_horse_armor":1,"minecraft:tuff":14,"minecraft:oak_log":19,"minecraft:golden_sword":2,"minecraft:nether_wart_block":13,"minecraft:string":4,"minecraft:dirt":38,"minecraft:soul_soil":3,"minecraft:bone":7,"minecraft:apple":1,"minecraft:wheat_seeds":8,"minecraft:cobbled_deepslate":66,"minecraft:raw_gold":18,"minecraft:iron_ingot":3,"minecraft:beef":4,"minecraft:ender_eye":1,"minecraft:raw_iron":55,"minecraft:stick":2,"minecraft:oak_door":1,"minecraft:cooked_porkchop":4,"minecraft:torch":1,"minecraft:acacia_log":8,"minecraft:gravel":1,"minecraft:porkchop":13,"minecraft:pointed_dripstone":2,"minecraft:redstone":86,"minecraft:netherite_pickaxe":1,"minecraft:arrow":16,"minecraft:rotten_flesh":9,"minecraft:diamond":2,"minecraft:crossbow":1,"minecraft:saddle":1,"minecraft:coal":20,"minecraft:oak_sapling":4,"minecraft:netherrack":3,"minecraft:obsidian":27,"minecraft:mutton":12,"minecraft:white_wool":7,"minecraft:crimson_roots":4,"minecraft:cobblestone":163,"minecraft:ender_pearl":1}},"DataVersion":3463}