{"stats":{"minecraft:killed":{"minecraft:zombie":2,"minecraft:chicken":1,"minecraft:cow":1},"minecraft:used":{"minecraft:crafting_table":1,"minecraft:wooden_pickaxe":10,"minecraft:cooked_beef":1},"minecraft:custom":{"minecraft:time_since_rest":17585,"minecraft:interact_with_furnace":2,"minecraft:sprint_one_cm":24820,"minecraft:play_time":25853,"minecraft:deaths":1,"minecraft:damage_taken":300,"minecraft:walk_one_cm":39125,"minecraft:sneak_time":47,"minecraft:mob_kills":4,"minecraft:drop":1,"minecraft:jump":262,"minecraft:damage_dealt":311,"minecraft:leave_game":3,"minecraft:walk_on_water_one_cm":530,"minecraft:time_since_death":16737,"minecraft:total_world_time":25853,"minecraft:interact_with_crafting_table":1,"minecraft:fall_one_cm":5663,"minecraft:fly_one_cm":44767},"minecraft:crafted":{"minecraft:cooked_beef":1,"minecraft:oak_planks":72,"minecraft:crafting_table":1,"minecraft:wooden_pickaxe":1},"minecraft:killed_by":{"minecraft:zombie":1},"minecraft:picked_up":{"minecraft:stick":2,"minecraft:chicken":1,"minecraft:rotten_flesh":1,"minecraft:leather":5,"minecraft:wheat_seeds":3,"minecraft:beef":3,"minecraft:oak_log":19,"minecraft:oak_sapling":2,"minecraft:coal":2,"minecraft:dirt":3,"minecraft:cobblestone":10},"minecraft:dropped":{"minecraft:rotten_flesh":1},"minecraft:mined":{"minecraft:grass":11,"minecraft:oak_log":18,"minecraft:grass_block":2,"minecraft:dirt":1,"minecraft:stone":10,"minecraft:oak_leaves":6}},"DataVersion":3463}