{"stats":{"minecraft:picked_up":{"minecraft:azure_bluet":1,"minecraft:rotten_flesh":1,"minecraft:wheat_seeds":4,"minecraft:dandelion":1,"minecraft:enchanted_golden_apple":3,"minecraft:string":9},"minecraft:used":{"minecraft:string":8,"minecraft:enchanted_golden_apple":1},"minecraft:custom":{"minecraft:time_since_rest":5199,"minecraft:deaths":1,"minecraft:sprint_one_cm":21744,"minecraft:play_time":6741,"minecraft:damage_taken":443,"minecraft:walk_one_cm":17389,"minecraft:sneak_time":5,"minecraft:walk_under_water_one_cm":3056,"minecraft:mob_kills":1,"minecraft:drop":1,"minecraft:jump":193,"minecraft:damage_dealt":248,"minecraft:leave_game":1,"minecraft:walk_on_water_one_cm":9544,"minecraft:time_since_death":5168,"minecraft:total_world_time":6741,"minecraft:swim_one_cm":5615,"minecraft:fly_one_cm":29783,"minecraft:fall_one_cm":5571},"minecraft:dropped":{"minecraft:wheat_seeds":1},"minecraft:killed":{"minecraft:zombie_villager":1},"minecraft:mined":{"minecraft:grass":4,"minecraft:tall_grass":7,"minecraft:tripwire":4,"minecraft:azure_bluet":1},"minecraft:killed_by":{"minecraft:zombie":1}},"DataVersion":3463}