{"stats":{"minecraft:killed":{"minecraft:shulker":5,"minecraft:skeleton":2,"minecraft:warden":16,"minecraft:zombie_villager":1,"minecraft:creeper":1,"minecraft:enderman":4},"minecraft:used":{"minecraft:netherite_sword":109,"minecraft:elytra":9,"minecraft:diamond_hoe":314,"minecraft:chest":3,"minecraft:shield":7,"minecraft:sculk":1,"minecraft:stone":3,"minecraft:torch":16,"minecraft:dirt":1,"minecraft:anvil":13,"minecraft:shulker_box":5,"minecraft:obsidian":3,"minecraft:totem_of_undying":2,"minecraft:item_frame":3,"minecraft:netherite_boots":2,"minecraft:deepslate_diamond_ore":12,"minecraft:golden_carrot":7,"minecraft:bow":5,"minecraft:netherite_pickaxe":200,"minecraft:enchanted_golden_apple":20,"minecraft:deepslate_emerald_ore":8,"minecraft:water_bucket":8,"minecraft:torchflower":12,"minecraft:chorus_fruit":1,"minecraft:netherite_chestplate":8,"minecraft:ender_pearl":16,"minecraft:glow_berries":2,"minecraft:netherite_leggings":1,"minecraft:crafting_table":3,"minecraft:crossbow":23,"minecraft:netherite_helmet":1,"minecraft:note_block":11,"minecraft:lingering_potion":8,"minecraft:end_stone":80,"minecraft:diamond_pickaxe":87,"minecraft:firework_rocket":76,"minecraft:string":8,"minecraft:netherite_axe":92,"minecraft:cobblestone":1,"minecraft:potion":2,"minecraft:smithing_table":1,"minecraft:bucket":6,"minecraft:ice":5,"minecraft:sculk_vein":7,"minecraft:experience_bottle":54},"minecraft:custom":{"minecraft:mob_kills":32,"minecraft:interact_with_anvil":19,"minecraft:interact_with_crafting_table":7,"minecraft:open_shulker_box":17,"minecraft:leave_game":1,"minecraft:time_since_death":71255,"minecraft:climb_one_cm":2415,"minecraft:damage_resisted":1401,"minecraft:sprint_one_cm":170314,"minecraft:walk_one_cm":282911,"minecraft:damage_blocked_by_shield":180,"minecraft:drop":50,"minecraft:play_noteblock":19,"minecraft:play_time":122889,"minecraft:deaths":3,"minecraft:sneak_time":5493,"minecraft:walk_under_water_one_cm":11213,"minecraft:jump":1056,"minecraft:interact_with_brewingstand":1,"minecraft:walk_on_water_one_cm":22936,"minecraft:total_world_time":122889,"minecraft:tune_noteblock":84,"minecraft:time_since_rest":71294,"minecraft:damage_taken":3601,"minecraft:damage_absorbed":2048,"minecraft:damage_dealt":81091,"minecraft:swim_one_cm":17698,"minecraft:fly_one_cm":429590,"minecraft:open_chest":27,"minecraft:crouch_one_cm":20005,"minecraft:aviate_one_cm":1675415,"minecraft:interact_with_smithing_table":4,"minecraft:fall_one_cm":63526},"minecraft:crafted":{"minecraft:cherry_planks":20,"minecraft:diamond_hoe":1,"minecraft:shulker_box":1,"minecraft:netherite_boots":1,"minecraft:chest":1,"minecraft:crafting_table":2,"minecraft:air":0,"minecraft:recovery_compass":1,"minecraft:stick":16},"minecraft:killed_by":{"minecraft:zombie":1},"minecraft:picked_up":{"minecraft:shulker_shell":3,"minecraft:crafting_table":2,"minecraft:iron_chestplate":2,"minecraft:azure_bluet":1,"minecraft:anvil":2,"minecraft:packed_ice":52,"minecraft:enchanted_book":6,"minecraft:potion":2,"minecraft:shield":1,"minecraft:string":9,"minecraft:elytra":2,"minecraft:item_frame":4,"minecraft:netherite_sword":1,"minecraft:bucket":1,"minecraft:deepslate_diamond_ore":9,"minecraft:enchanted_golden_apple":67,"minecraft:chest":5,"minecraft:deepslate_iron_ore":1,"minecraft:iron_boots":4,"minecraft:stick":12,"minecraft:end_stone":116,"minecraft:stone":3,"minecraft:torch":64,"minecraft:note_block":12,"minecraft:cherry_log":58,"minecraft:netherite_pickaxe":1,"minecraft:arrow":263,"minecraft:rotten_flesh":2,"minecraft:gold_ingot":1,"minecraft:chorus_flower":2,"minecraft:netherite_chestplate":1,"minecraft:obsidian":3,"minecraft:cobblestone":8,"minecraft:cracked_deepslate_tiles":6,"minecraft:pink_petals":4,"minecraft:netherite_boots":1,"minecraft:magma_block":60,"minecraft:golden_carrot":57,"minecraft:water_bucket":1,"minecraft:torchflower":1,"minecraft:ice":11,"minecraft:netherite_leggings":1,"minecraft:sculk_vein":12,"minecraft:dirt":1,"minecraft:bone":3,"minecraft:deepslate_emerald_ore":6,"minecraft:bow":2,"minecraft:wheat_seeds":4,"minecraft:iron_ingot":16,"minecraft:netherite_axe":1,"minecraft:sculk_catalyst":9,"minecraft:milk_bucket":1,"minecraft:sculk":2,"minecraft:dandelion":1,"minecraft:shulker_box":4,"minecraft:firework_rocket":204,"minecraft:diamond":63,"minecraft:netherite_helmet":1,"minecraft:crossbow":1,"minecraft:cherry_sapling":12,"minecraft:gray_wool":43,"minecraft:emerald":40,"minecraft:chorus_fruit":31,"minecraft:ender_pearl":21,"minecraft:diamond_pickaxe":7},"minecraft:dropped":{"minecraft:torchflower":1,"minecraft:enchanted_book":7,"minecraft:wheat_seeds":1,"minecraft:chorus_flower":2,"minecraft:glass_bottle":2,"minecraft:deepslate_diamond_ore":1,"minecraft:cobblestone":2,"minecraft:item_frame":5,"minecraft:emerald":1,"minecraft:gray_wool":43,"minecraft:milk_bucket":2,"minecraft:cracked_deepslate_tiles":6,"minecraft:potion":1,"minecraft:pink_petals":4,"minecraft:bucket":1,"minecraft:gold_ingot":1,"minecraft:bone":3,"minecraft:anvil":1,"minecraft:rotten_flesh":1,"minecraft:deepslate_emerald_ore":1,"minecraft:arrow":192,"minecraft:firework_rocket":140},"minecraft:mined":{"minecraft:dragon_wall_head":1,"minecraft:deepslate_tiles":5,"minecraft:stone_pressure_plate":2,"minecraft:deepslate_diamond_ore":14,"minecraft:cherry_log":59,"minecraft:sculk_vein":32,"minecraft:end_stone":84,"minecraft:shulker_box":4,"minecraft:obsidian":1,"minecraft:chorus_flower":2,"minecraft:magma_block":32,"minecraft:sculk_catalyst":4,"minecraft:cobbled_deepslate":6,"minecraft:anvil":1,"minecraft:azure_bluet":1,"minecraft:sculk_shrieker":17,"minecraft:pointed_dripstone":1,"minecraft:deepslate_iron_ore":1,"minecraft:polished_deepslate_slab":1,"minecraft:packed_ice":60,"minecraft:chorus_plant":4,"minecraft:stone":16,"minecraft:tripwire":4,"minecraft:polished_deepslate_stairs":1,"minecraft:crafting_table":2,"minecraft:note_block":12,"minecraft:chest":3,"minecraft:sculk_sensor":48,"minecraft:tall_grass":7,"minecraft:cracked_deepslate_bricks":1,"minecraft:sculk":232,"minecraft:pink_petals":1,"minecraft:blue_ice":11,"minecraft:ice":12,"minecraft:torchflower":2,"minecraft:grass":6,"minecraft:cherry_leaves":14,"minecraft:dirt":1,"minecraft:deepslate_emerald_ore":8,"minecraft:deepslate":4}},"DataVersion":3463}