{"stats":{"minecraft:killed":{"minecraft:cave_spider":14,"minecraft:witch":1,"minecraft:spider":1,"minecraft:shulker":5,"minecraft:skeleton":8,"minecraft:warden":16,"minecraft:camel":1,"minecraft:pig":1,"minecraft:zombie_villager":2,"minecraft:creeper":2,"minecraft:pillager":2,"minecraft:zombie":14,"minecraft:enderman":5},"minecraft:used":{"minecraft:netherite_sword":206,"minecraft:elytra":12,"minecraft:diamond_hoe":350,"minecraft:chest":3,"minecraft:shield":7,"minecraft:sculk":1,"minecraft:stone":3,"minecraft:torch":16,"minecraft:dirt":1,"minecraft:anvil":16,"minecraft:shulker_box":5,"minecraft:obsidian":6,"minecraft:totem_of_undying":3,"minecraft:item_frame":3,"minecraft:netherite_boots":2,"minecraft:deepslate_diamond_ore":12,"minecraft:golden_carrot":15,"minecraft:bow":15,"minecraft:wolf_spawn_egg":1,"minecraft:netherite_pickaxe":667,"minecraft:enchanted_golden_apple":26,"minecraft:deepslate_emerald_ore":8,"minecraft:water_bucket":16,"minecraft:torchflower":12,"minecraft:chorus_fruit":1,"minecraft:netherite_chestplate":11,"minecraft:ender_pearl":48,"minecraft:glow_berries":2,"minecraft:netherite_leggings":1,"minecraft:crafting_table":3,"minecraft:crossbow":26,"minecraft:netherite_helmet":1,"minecraft:note_block":11,"minecraft:lingering_potion":8,"minecraft:end_stone":80,"minecraft:diamond_pickaxe":195,"minecraft:firework_rocket":214,"minecraft:string":8,"minecraft:netherite_axe":115,"minecraft:fire_charge":1,"minecraft:cobblestone":1,"minecraft:potion":5,"minecraft:cooked_porkchop":4,"minecraft:smithing_table":2,"minecraft:bucket":14,"minecraft:ice":5,"minecraft:experience_bottle":54,"minecraft:sculk_vein":7,"minecraft:soul_torch":4},"minecraft:custom":{"minecraft:interact_with_anvil":32,"minecraft:mob_kills":78,"minecraft:interact_with_crafting_table":7,"minecraft:open_shulker_box":17,"minecraft:bell_ring":7,"minecraft:leave_game":3,"minecraft:time_since_death":32696,"minecraft:climb_one_cm":2415,"minecraft:damage_resisted":1991,"minecraft:sprint_one_cm":246776,"minecraft:walk_one_cm":471983,"minecraft:damage_blocked_by_shield":180,"minecraft:drop":86,"minecraft:play_noteblock":19,"minecraft:talked_to_villager":37,"minecraft:play_time":215058,"minecraft:deaths":7,"minecraft:sneak_time":5563,"minecraft:walk_under_water_one_cm":18562,"minecraft:interact_with_brewingstand":1,"minecraft:jump":1765,"minecraft:walk_on_water_one_cm":34097,"minecraft:total_world_time":215058,"minecraft:tune_noteblock":91,"minecraft:time_since_rest":32726,"minecraft:damage_taken":6365,"minecraft:damage_absorbed":2771,"minecraft:damage_dealt":87398,"minecraft:swim_one_cm":17698,"minecraft:fly_one_cm":573749,"minecraft:open_chest":31,"minecraft:crouch_one_cm":20117,"minecraft:aviate_one_cm":4983452,"minecraft:interact_with_smithing_table":8,"minecraft:fall_one_cm":101849,"minecraft:horse_one_cm":102326},"minecraft:crafted":{"minecraft:cherry_planks":20,"minecraft:diamond_hoe":1,"minecraft:shulker_box":1,"minecraft:netherite_boots":1,"minecraft:chest":1,"minecraft:crafting_table":2,"minecraft:air":0,"minecraft:recovery_compass":1,"minecraft:stick":16},"minecraft:killed_by":{"minecraft:zombie":2},"minecraft:picked_up":{"minecraft:shulker_shell":3,"minecraft:crafting_table":2,"minecraft:iron_chestplate":2,"minecraft:azure_bluet":1,"minecraft:anvil":3,"minecraft:smithing_table":1,"minecraft:packed_ice":52,"minecraft:potion":2,"minecraft:gold_block":2,"minecraft:enchanted_book":11,"minecraft:amethyst_block":192,"minecraft:shield":1,"minecraft:string":41,"minecraft:elytra":2,"minecraft:deepslate_lapis_ore":2,"minecraft:item_frame":4,"minecraft:netherite_sword":1,"minecraft:bucket":1,"minecraft:deepslate_diamond_ore":9,"minecraft:beef":1,"minecraft:calcite":225,"minecraft:enchanted_golden_apple":67,"minecraft:melon_slice":86,"minecraft:chest":5,"minecraft:deepslate_iron_ore":2,"minecraft:iron_boots":4,"minecraft:stick":12,"minecraft:raw_iron":15,"minecraft:end_stone":116,"minecraft:stone":3,"minecraft:torch":64,"minecraft:amethyst_cluster":4,"minecraft:note_block":12,"minecraft:cherry_log":58,"minecraft:netherite_pickaxe":1,"minecraft:arrow":269,"minecraft:rotten_flesh":2,"minecraft:hay_block":34,"minecraft:totem_of_undying":3,"minecraft:chorus_flower":2,"minecraft:ward_armor_trim_smithing_template":1,"minecraft:gold_ingot":2,"minecraft:netherite_chestplate":1,"minecraft:obsidian":8,"minecraft:cobblestone":8,"minecraft:cracked_deepslate_tiles":6,"minecraft:pink_petals":4,"minecraft:netherite_boots":1,"minecraft:magma_block":60,"minecraft:golden_carrot":57,"minecraft:medium_amethyst_bud":2,"minecraft:water_bucket":1,"minecraft:torchflower":1,"minecraft:ice":11,"minecraft:gunpowder":5,"minecraft:lapis_lazuli":26,"minecraft:sculk_vein":12,"minecraft:netherite_leggings":1,"minecraft:dirt":1,"minecraft:white_banner":1,"minecraft:bone":14,"minecraft:bow":2,"minecraft:wheat_seeds":14,"minecraft:deepslate_emerald_ore":6,"minecraft:raw_gold":1,"minecraft:iron_ingot":16,"minecraft:netherite_axe":1,"minecraft:sculk_catalyst":9,"minecraft:smooth_basalt":10,"minecraft:milk_bucket":1,"minecraft:cooked_porkchop":5,"minecraft:sculk":2,"minecraft:dandelion":1,"minecraft:small_amethyst_bud":3,"minecraft:shulker_box":4,"minecraft:firework_rocket":332,"minecraft:diamond":63,"minecraft:netherite_helmet":1,"minecraft:crossbow":1,"minecraft:cherry_sapling":12,"minecraft:gray_wool":43,"minecraft:emerald":40,"minecraft:netherrack":3,"minecraft:chorus_fruit":31,"minecraft:diamond_pickaxe":7,"minecraft:ender_pearl":22},"minecraft:dropped":{"minecraft:torchflower":1,"minecraft:enchanted_book":12,"minecraft:wheat_seeds":11,"minecraft:chorus_flower":2,"minecraft:deepslate_iron_ore":1,"minecraft:glass_bottle":2,"minecraft:ender_pearl":1,"minecraft:cooked_porkchop":1,"minecraft:deepslate_diamond_ore":1,"minecraft:cobblestone":2,"minecraft:item_frame":5,"minecraft:emerald":1,"minecraft:gray_wool":43,"minecraft:milk_bucket":2,"minecraft:cracked_deepslate_tiles":6,"minecraft:potion":1,"minecraft:pink_petals":4,"minecraft:bucket":1,"minecraft:smooth_basalt":5,"minecraft:gold_ingot":2,"minecraft:bone":4,"minecraft:anvil":1,"minecraft:soul_torch":45,"minecraft:obsidian":4,"minecraft:rotten_flesh":1,"minecraft:deepslate_emerald_ore":1,"minecraft:totem_of_undying":3,"minecraft:ward_armor_trim_smithing_template":1,"minecraft:flint_and_steel":3,"minecraft:gunpowder":5,"minecraft:arrow":193,"minecraft:beef":1,"minecraft:calcite":34,"minecraft:netherrack":3,"minecraft:firework_rocket":268},"minecraft:mined":{"minecraft:dragon_wall_head":1,"minecraft:deepslate_tiles":5,"minecraft:large_amethyst_bud":1,"minecraft:tuff":1,"minecraft:stone_pressure_plate":2,"minecraft:deepslate_diamond_ore":14,"minecraft:cherry_log":59,"minecraft:sculk_vein":32,"minecraft:shulker_box":4,"minecraft:end_stone":84,"minecraft:obsidian":6,"minecraft:budding_amethyst":5,"minecraft:granite":1,"minecraft:spawner":3,"minecraft:hay_block":34,"minecraft:chorus_flower":2,"minecraft:magma_block":32,"minecraft:sculk_catalyst":4,"minecraft:iron_ore":8,"minecraft:fire":1,"minecraft:cobbled_deepslate":6,"minecraft:andesite":4,"minecraft:deepslate_lapis_ore":2,"minecraft:anvil":2,"minecraft:azure_bluet":1,"minecraft:gold_block":2,"minecraft:sculk_shrieker":17,"minecraft:pointed_dripstone":1,"minecraft:polished_deepslate_slab":1,"minecraft:deepslate_iron_ore":2,"minecraft:small_amethyst_bud":4,"minecraft:packed_ice":60,"minecraft:chorus_plant":4,"minecraft:stone":22,"minecraft:tripwire":4,"minecraft:smithing_table":1,"minecraft:polished_deepslate_stairs":1,"minecraft:medium_amethyst_bud":2,"minecraft:amethyst_cluster":4,"minecraft:crafting_table":2,"minecraft:note_block":12,"minecraft:calcite":250,"minecraft:melon":16,"minecraft:chest":3,"minecraft:sculk_sensor":48,"minecraft:tall_grass":7,"minecraft:lapis_ore":2,"minecraft:deepslate_gold_ore":1,"minecraft:cracked_deepslate_bricks":1,"minecraft:sculk":232,"minecraft:amethyst_block":211,"minecraft:pink_petals":1,"minecraft:blue_ice":11,"minecraft:ice":12,"minecraft:torchflower":2,"minecraft:grass":17,"minecraft:cherry_leaves":14,"minecraft:dirt":1,"minecraft:cobweb":26,"minecraft:smooth_basalt":40,"minecraft:netherrack":5,"minecraft:deepslate_emerald_ore":8,"minecraft:deepslate":16}},"DataVersion":3463}