{"stats":{"minecraft:picked_up":{"minecraft:wheat_seeds":1},"minecraft:custom":{"minecraft:jump":65,"minecraft:time_since_rest":863,"minecraft:leave_game":1,"minecraft:damage_dealt":55,"minecraft:deaths":1,"minecraft:walk_on_water_one_cm":6076,"minecraft:sprint_one_cm":2863,"minecraft:play_time":2405,"minecraft:damage_taken":315,"minecraft:time_since_death":832,"minecraft:walk_one_cm":4868,"minecraft:total_world_time":2405,"minecraft:walk_under_water_one_cm":515,"minecraft:drop":1,"minecraft:fall_one_cm":2351,"minecraft:fly_one_cm":8342},"minecraft:dropped":{"minecraft:wheat_seeds":1},"minecraft:mined":{"minecraft:grass":2},"minecraft:killed_by":{"minecraft:zombie":1}},"DataVersion":3463}